Whoa,there,!,"
"
ROOT,advmod,punct,
INTJ,ADV,PUNCT,SPACE
 
Halt,!,"
"
ROOT,punct,
PROPN,PUNCT,SPACE
 
Who,goes,there,?,"
"
nsubj,ROOT,advmod,punct,
NOUN,VERB,ADV,PUNCT,SPACE
 
It,is,I,",",Arthur,",",son,of,Uther,Pendragon,",",from,the,castle,of,Camelot,.,"
"
nsubj,ROOT,attr,punct,conj,punct,appos,prep,compound,pobj,punct,prep,det,pobj,prep,pobj,punct,
PRON,VERB,PRON,PUNCT,PROPN,PUNCT,NOUN,ADP,PROPN,PROPN,PUNCT,ADP,DET,NOUN,ADP,PROPN,PUNCT,SPACE
 
King,of,the,Britons,",",defeator,of,the,Saxons,",",sovereign,of,all,England,!,"
"
ROOT,prep,det,pobj,punct,appos,prep,det,pobj,punct,appos,prep,det,pobj,punct,
PROPN,ADP,DET,PROPN,PUNCT,NOUN,ADP,DET,PROPN,PUNCT,ADJ,ADP,DET,PROPN,PUNCT,SPACE
 
Pull,the,other,one,!,"
"
ROOT,det,amod,dobj,punct,
VERB,DET,ADJ,NOUN,PUNCT,SPACE
 
I,am,.,"
"
nsubj,ROOT,punct,
PRON,VERB,PUNCT,SPACE
 
And,this,my,trusty,servant,Patsy,.,"
"
cc,det,poss,compound,ROOT,appos,punct,
CCONJ,DET,ADJ,NOUN,NOUN,PROPN,PUNCT,SPACE
 
We,have,ridden,the,length,and,breadth,of,the,land,in,search,of,knights,who,will,join,me,in,my,court,of,Camelot,.,"
"
nsubj,aux,ROOT,det,dobj,cc,conj,prep,det,pobj,prep,pobj,prep,pobj,nsubj,aux,relcl,dobj,prep,poss,pobj,prep,pobj,punct,
PRON,VERB,VERB,DET,NOUN,CCONJ,NOUN,ADP,DET,NOUN,ADP,NOUN,ADP,NOUN,NOUN,VERB,VERB,PRON,ADP,ADJ,NOUN,ADP,PROPN,PUNCT,SPACE
 
I,must,speak,with,your,lord,and,master,.,"
"
nsubj,aux,ROOT,prep,poss,pobj,cc,conj,punct,
PRON,VERB,VERB,ADP,ADJ,NOUN,CCONJ,NOUN,PUNCT,SPACE
 
What,",",ridden,on,a,horse,?,"
"
nsubj,punct,ROOT,prep,det,pobj,punct,
NOUN,PUNCT,VERB,ADP,DET,NOUN,PUNCT,SPACE
 
Yes,!,"
"
ROOT,punct,
INTJ,PUNCT,SPACE
 
You,'re,using,coconuts,!,"
"
nsubj,aux,ROOT,dobj,punct,
PRON,VERB,VERB,NOUN,PUNCT,SPACE
 
What,?,"
"
ROOT,punct,
NOUN,PUNCT,SPACE
 
You,'ve,got,two,empty,halves,of,coconut,and,you,'re,bangin,'em,together,.,"
"
nsubj,aux,ROOT,nummod,amod,dobj,prep,pobj,cc,nsubj,ROOT,ROOT,dobj,advmod,punct,
PRON,VERB,VERB,NUM,ADJ,NOUN,ADP,NOUN,CCONJ,PRON,VERB,VERB,PRON,ADV,PUNCT,SPACE
 
So,?,"
"
ROOT,punct,
ADV,PUNCT,SPACE
 
We,have,ridden,since,the,snows,of,winter,covered,this,land,",",through,the,kingdom,of,Mercea,",",through,--,"
"
nsubj,aux,ROOT,mark,det,nsubj,prep,pobj,advcl,det,dobj,punct,prep,det,pobj,prep,pobj,punct,prep,punct,
PRON,VERB,VERB,ADP,DET,NOUN,ADP,NOUN,VERB,DET,NOUN,PUNCT,ADP,DET,NOUN,ADP,PROPN,PUNCT,ADP,PUNCT,SPACE
 
Where,'d,you,get,the,coconut,?,"
"
advmod,aux,nsubj,ROOT,det,dobj,punct,
ADV,VERB,PRON,VERB,DET,NOUN,PUNCT,SPACE
 
We,found,them,.,"
"
nsubj,ROOT,dobj,punct,
PRON,VERB,PRON,PUNCT,SPACE
 
Found,them,?,"
"
ROOT,dobj,punct,
VERB,PRON,PUNCT,SPACE
 
In,Mercea,?,"
"
ROOT,pobj,punct,
ADP,PROPN,PUNCT,SPACE
 
The,coconut,'s,tropical,!,"
"
det,poss,case,ROOT,punct,
DET,NOUN,PART,ADJ,PUNCT,SPACE
 
What,do,you,mean,?,"
"
dobj,aux,nsubj,ROOT,punct,
NOUN,VERB,PRON,VERB,PUNCT,SPACE
 
Well,",",this,is,a,temperate,zone,.,"
"
intj,punct,nsubj,ROOT,det,amod,attr,punct,
INTJ,PUNCT,DET,VERB,DET,ADJ,NOUN,PUNCT,SPACE
 
The,swallow,may,fly,south,with,the,sun,or,the,house,martin,or,the,plumber,may,seek,warmer,climes,in,winter,yet,these,are,not,strangers,to,our,land,.,"
"
det,nsubj,aux,ROOT,advmod,prep,det,pobj,cc,det,compound,conj,cc,det,conj,aux,conj,amod,dobj,prep,pobj,cc,nsubj,conj,neg,attr,prep,poss,pobj,punct,
DET,NOUN,VERB,VERB,ADV,ADP,DET,NOUN,CCONJ,DET,NOUN,NOUN,CCONJ,DET,NOUN,VERB,VERB,ADJ,NOUN,ADP,NOUN,CCONJ,DET,VERB,ADV,NOUN,ADP,ADJ,NOUN,PUNCT,SPACE
 
Are,you,suggesting,coconuts,migrate,?,"
"
aux,nsubj,ROOT,nsubj,ccomp,punct,
VERB,PRON,VERB,NOUN,NOUN,PUNCT,SPACE
 
Not,at,all,",",they,could,be,carried,.,"
"
neg,advmod,advmod,punct,nsubjpass,aux,auxpass,ROOT,punct,
ADV,ADV,ADV,PUNCT,PRON,VERB,VERB,VERB,PUNCT,SPACE
 
What,--,a,swallow,carrying,a,coconut,?,"
"
dep,punct,det,ROOT,acl,det,dobj,punct,
NOUN,PUNCT,DET,ADJ,VERB,DET,NOUN,PUNCT,SPACE
 
It,could,grip,it,by,the,husk,!,"
"
nsubj,aux,ROOT,dobj,prep,det,pobj,punct,
PRON,VERB,VERB,PRON,ADP,DET,NOUN,PUNCT,SPACE
 
It,'s,not,a,question,of,where,he,grips,it,!,"
"
nsubj,ROOT,neg,det,attr,prep,advmod,nsubj,pcomp,dobj,punct,
PRON,VERB,ADV,DET,NOUN,ADP,ADV,PRON,VERB,PRON,PUNCT,SPACE
 
It,'s,a,simple,question,of,weight,ratios,!,"
"
nsubj,ROOT,det,amod,attr,prep,compound,pobj,punct,
PRON,VERB,DET,ADJ,NOUN,ADP,NOUN,NOUN,PUNCT,SPACE
 
A,five,ounce,bird,could,not,carry,a,1,pound,coconut,.,"
"
det,nummod,compound,nsubj,aux,neg,ROOT,det,nummod,dobj,advmod,punct,
DET,NUM,NOUN,NOUN,VERB,ADV,VERB,DET,NUM,NOUN,NOUN,PUNCT,SPACE
 
Well,",",it,does,n't,matter,.,"
"
intj,punct,nsubj,aux,neg,ROOT,punct,
INTJ,PUNCT,PRON,VERB,ADV,VERB,PUNCT,SPACE
 
Will,you,go,and,tell,your,master,that,Arthur,from,the,Court,of,Camelot,is,here,.,"
"
aux,nsubj,ROOT,cc,conj,poss,dobj,mark,nsubj,prep,det,pobj,prep,pobj,ccomp,advmod,punct,
VERB,PRON,VERB,CCONJ,VERB,ADJ,NOUN,ADJ,PROPN,ADP,DET,PROPN,ADP,PROPN,VERB,ADV,PUNCT,SPACE
 
Listen,",",in,order,to,maintain,air,-,speed,velocity,",",a,swallow,needs,to,beat,its,wings,43,times,every,second,",",right,?,"
"
advcl,punct,prep,pobj,aux,acl,compound,punct,compound,dobj,punct,det,amod,ccomp,aux,xcomp,poss,dobj,nummod,npadvmod,det,npadvmod,punct,ROOT,punct,
VERB,PUNCT,ADP,NOUN,PART,VERB,NOUN,PUNCT,NOUN,NOUN,PUNCT,DET,ADJ,NOUN,PART,VERB,ADJ,NOUN,NUM,NOUN,DET,ADJ,PUNCT,ADJ,PUNCT,SPACE
 
Please,!,"
"
ROOT,punct,
INTJ,PUNCT,SPACE
 
Am,I,right,?,"
"
ROOT,nsubj,acomp,punct,
VERB,PRON,ADJ,PUNCT,SPACE
 
I,'m,not,interested,!,"
"
nsubj,ROOT,neg,acomp,punct,
PRON,VERB,ADV,ADJ,PUNCT,SPACE
 
It,could,be,carried,by,an,African,swallow,!,"
"
nsubjpass,aux,auxpass,ROOT,agent,det,amod,pobj,punct,
PRON,VERB,VERB,VERB,ADP,DET,ADJ,NOUN,PUNCT,SPACE
 
Oh,",",yeah,",",an,African,swallow,maybe,",",but,not,a,European,swallow,",",that,'s,my,point,.,"
"
intj,punct,intj,punct,det,amod,ROOT,advmod,punct,cc,neg,det,amod,conj,punct,nsubj,ROOT,poss,attr,punct,
INTJ,PUNCT,INTJ,PUNCT,DET,ADJ,NOUN,ADV,PUNCT,CCONJ,ADV,DET,ADJ,NOUN,PUNCT,DET,VERB,ADJ,NOUN,PUNCT,SPACE
 
Oh,",",yeah,",",I,agree,with,that,...,"
"
intj,punct,intj,punct,nsubj,ROOT,prep,pobj,punct,
INTJ,PUNCT,INTJ,PUNCT,PRON,VERB,ADP,DET,PUNCT,SPACE
 
Will,you,ask,your,master,if,he,wants,to,join,my,court,at,Camelot,?,!,"
"
aux,nsubj,ROOT,poss,dobj,mark,nsubj,advcl,aux,xcomp,poss,dobj,prep,pobj,punct,punct,
VERB,PRON,VERB,ADJ,NOUN,ADP,PRON,VERB,PART,VERB,ADJ,NOUN,ADP,PROPN,PUNCT,PUNCT,SPACE
 
But,then,of,course,African,swallows,are,not,migratory,.,"
"
cc,advmod,prep,pobj,amod,nsubj,ROOT,neg,acomp,punct,
CCONJ,ADV,ADP,NOUN,ADJ,NOUN,VERB,ADV,ADJ,PUNCT,SPACE
 
Oh,",",yeah,...,"
"
ROOT,punct,intj,punct,
INTJ,PUNCT,INTJ,PUNCT,SPACE
 
So,they,could,n't,bring,a,coconut,back,anyway,...,"
"
advmod,nsubj,aux,neg,ROOT,det,dobj,advmod,advmod,punct,
ADV,PRON,VERB,ADV,VERB,DET,NOUN,ADV,ADV,PUNCT,SPACE
 
Wait,a,minute,--,supposing,two,swallows,carried,it,together,?,"
"
advcl,det,npadvmod,punct,intj,nummod,nsubj,ROOT,dobj,advmod,punct,
VERB,DET,NOUN,PUNCT,VERB,NUM,NOUN,VERB,PRON,ADV,PUNCT,SPACE
 
No,",",they,'d,have,to,have,it,on,a,line,.,"
"
intj,punct,nsubj,aux,ROOT,aux,xcomp,dobj,prep,det,pobj,punct,
INTJ,PUNCT,PRON,VERB,VERB,PART,VERB,PRON,ADP,DET,NOUN,PUNCT,SPACE
 
Well,",",simple,!,"
"
intj,punct,ROOT,punct,
INTJ,PUNCT,ADJ,PUNCT,SPACE
 
They,'d,just,use,a,standard,creeper,!,"
"
nsubj,aux,advmod,ROOT,det,amod,dobj,punct,
PRON,VERB,ADV,VERB,DET,ADJ,NOUN,PUNCT,SPACE
 
What,",",held,under,the,dorsal,guiding,feathers,?,"
"
ROOT,punct,acl,prep,det,amod,amod,pobj,punct,
NOUN,PUNCT,VERB,ADP,DET,NOUN,VERB,NOUN,PUNCT,SPACE
 
Well,",",why,not,?,"
"
intj,punct,advmod,ROOT,punct,
INTJ,PUNCT,ADV,ADV,PUNCT,SPACE
 
Bring,out,your,dead,!,"
"
ROOT,prt,poss,dobj,punct,
VERB,PART,ADJ,ADJ,PUNCT,SPACE
 
Here,'s,one,--,nine,pence,.,"
"
advmod,ROOT,nsubj,punct,nummod,appos,punct,
ADV,VERB,NUM,PUNCT,NUM,NOUN,PUNCT,SPACE
 
I,'m,not,dead,!,"
"
nsubj,ROOT,neg,acomp,punct,
PRON,VERB,ADV,ADJ,PUNCT,SPACE
 
What,?,"
"
ROOT,punct,
NOUN,PUNCT,SPACE
 
Nothing,--,here,'s,your,nine,pence,.,"
"
npadvmod,punct,advmod,ROOT,poss,nummod,attr,punct,
NOUN,PUNCT,ADV,VERB,ADJ,NUM,NOUN,PUNCT,SPACE
 
I,'m,not,dead,!,"
"
nsubj,ROOT,neg,acomp,punct,
PRON,VERB,ADV,ADJ,PUNCT,SPACE
 
Here,--,he,says,he,'s,not,dead,!,"
"
advmod,punct,nsubj,ROOT,nsubj,ccomp,neg,acomp,punct,
ADV,PUNCT,PRON,VERB,PRON,VERB,ADV,ADJ,PUNCT,SPACE
 
Yes,",",he,is,.,"
"
intj,punct,nsubj,ROOT,punct,
INTJ,PUNCT,PRON,VERB,PUNCT,SPACE
 
I,'m,not,!,"
"
nsubj,ROOT,neg,punct,
PRON,VERB,ADV,PUNCT,SPACE
 
He,is,n't,.,"
"
nsubj,ROOT,neg,punct,
PRON,VERB,ADV,PUNCT,SPACE
 
Well,",",he,will,be,soon,",",he,'s,very,ill,.,"
"
intj,punct,nsubj,aux,ccomp,advmod,punct,nsubj,ROOT,advmod,acomp,punct,
INTJ,PUNCT,PRON,VERB,VERB,ADV,PUNCT,PRON,VERB,ADV,ADJ,PUNCT,SPACE
 
I,'m,getting,better,!,"
"
nsubj,aux,ROOT,acomp,punct,
PRON,VERB,VERB,ADJ,PUNCT,SPACE
 
No,",",you,'re,not,--,you,'ll,be,stone,dead,in,a,moment,.,"
"
intj,punct,nsubj,ccomp,neg,punct,nsubj,aux,ROOT,attr,acomp,prep,det,pobj,punct,
INTJ,PUNCT,PRON,VERB,ADV,PUNCT,PRON,VERB,VERB,NOUN,ADJ,ADP,DET,NOUN,PUNCT,SPACE
 
Oh,",",I,ca,n't,take,him,like,that,--,it,'s,against,regulations,.,"
"
intj,punct,nsubj,aux,neg,ccomp,dobj,prep,pobj,punct,nsubj,ROOT,prep,pobj,punct,
INTJ,PUNCT,PRON,VERB,ADV,VERB,PRON,ADP,DET,PUNCT,PRON,VERB,ADP,NOUN,PUNCT,SPACE
 
I,do,n't,want,to,go,in,the,cart,!,"
"
nsubj,aux,neg,ROOT,aux,xcomp,prep,det,pobj,punct,
PRON,VERB,ADV,VERB,PART,VERB,ADP,DET,NOUN,PUNCT,SPACE
 
Oh,",",do,n't,be,such,a,baby,.,"
"
intj,punct,aux,neg,ROOT,predet,det,attr,punct,
INTJ,PUNCT,VERB,ADV,VERB,ADJ,DET,NOUN,PUNCT,SPACE
 
I,ca,n't,take,him,...,"
"
nsubj,aux,neg,ROOT,dobj,punct,
PRON,VERB,ADV,VERB,PRON,PUNCT,SPACE
 
I,feel,fine,!,"
"
nsubj,ROOT,acomp,punct,
PRON,VERB,ADJ,PUNCT,SPACE
 
Oh,",",do,us,a,favor,...,"
"
intj,punct,ROOT,dative,det,dobj,punct,
INTJ,PUNCT,VERB,PRON,DET,NOUN,PUNCT,SPACE
 
I,ca,n't,.,"
"
nsubj,ROOT,neg,punct,
PRON,VERB,ADV,PUNCT,SPACE
 
Well,",",can,you,hang,around,a,couple,of,minutes,?,"
"
intj,punct,aux,nsubj,ROOT,prt,det,dobj,prep,pobj,punct,
INTJ,PUNCT,VERB,PRON,VERB,ADP,DET,NOUN,ADP,NOUN,PUNCT,SPACE
 
He,wo,n't,be,long,.,"
"
nsubj,aux,neg,ROOT,acomp,punct,
PRON,VERB,ADV,VERB,ADJ,PUNCT,SPACE
 
Naaah,",",I,got,to,go,on,to,Robinson,'s,--,they,',ve,lost,nine,today,.,"
"
npadvmod,punct,nsubj,ccomp,aux,xcomp,advmod,prep,pobj,case,punct,nsubj,punct,aux,ROOT,dobj,npadvmod,punct,
PROPN,PUNCT,PRON,VERB,PART,VERB,PART,ADP,PROPN,PART,PUNCT,PRON,PUNCT,VERB,VERB,NUM,NOUN,PUNCT,SPACE
 
Well,",",when,is,your,next,round,?,"
"
intj,punct,advmod,ROOT,poss,amod,nsubj,punct,
INTJ,PUNCT,ADV,VERB,ADJ,ADJ,NOUN,PUNCT,SPACE
 
Thursday,.,"
"
ROOT,punct,
PROPN,PUNCT,SPACE
 
I,think,I,'ll,go,for,a,walk,.,"
"
nsubj,ROOT,nsubj,aux,ccomp,prep,det,pobj,punct,
PRON,VERB,PRON,VERB,VERB,ADP,DET,NOUN,PUNCT,SPACE
 
You,'re,not,fooling,anyone,y,',know,.,"
"
nsubj,aux,neg,ROOT,dobj,nsubj,punct,ccomp,punct,
PRON,VERB,ADV,VERB,NOUN,PRON,PUNCT,VERB,PUNCT,SPACE
 
Look,",",is,n't,there,something,you,can,do,?,"
"
intj,punct,ROOT,neg,expl,attr,nsubj,aux,relcl,punct,
VERB,PUNCT,VERB,ADV,ADV,NOUN,PRON,VERB,VERB,PUNCT,SPACE
 
I,feel,happy,...,"
"
nsubj,ROOT,acomp,punct,
PRON,VERB,ADJ,PUNCT,SPACE
 
I,feel,happy,.,"
"
nsubj,ROOT,acomp,punct,
PRON,VERB,ADJ,PUNCT,SPACE
 
Ah,",",thanks,very,much,.,"
"
intj,punct,ROOT,advmod,advmod,punct,
INTJ,PUNCT,NOUN,ADV,ADV,PUNCT,SPACE
 
Not,at,all,.,"
"
neg,advmod,ROOT,punct,
ADV,ADV,ADV,PUNCT,SPACE
 
See,you,on,Thursday,.,"
"
ROOT,dobj,prep,pobj,punct,
VERB,PRON,ADP,PROPN,PUNCT,SPACE
 
Right,.,"
"
ROOT,punct,
INTJ,PUNCT,SPACE
 
Who,'s,that,then,?,"
"
attr,ROOT,nsubj,advmod,punct,
NOUN,VERB,DET,ADV,PUNCT,SPACE
 
I,do,n't,know,.,"
"
nsubj,aux,neg,ROOT,punct,
PRON,VERB,ADV,VERB,PUNCT,SPACE
 
Must,be,a,king,.,"
"
aux,ROOT,det,attr,punct,
VERB,VERB,DET,NOUN,PUNCT,SPACE
 
Why,?,"
"
ROOT,punct,
ADV,PUNCT,SPACE
 
He,has,n't,got,shit,all,over,him,.,"
"
nsubj,aux,neg,ROOT,dobj,advmod,prep,pobj,punct,
PRON,VERB,ADV,VERB,NOUN,ADV,ADP,PRON,PUNCT,SPACE
 
Old,woman,!,"
"
amod,ROOT,punct,
ADJ,NOUN,PUNCT,SPACE
 
Man,!,"
"
ROOT,punct,
NOUN,PUNCT,SPACE
 
Old,Man,",",sorry,.,"
"
compound,dep,punct,ROOT,punct,
PROPN,PROPN,PUNCT,INTJ,PUNCT,SPACE
 
What,knight,live,in,that,castle,over,there,?,"
"
det,pobj,ROOT,prep,det,pobj,advmod,advmod,punct,
NOUN,NOUN,VERB,ADP,DET,NOUN,ADV,ADV,PUNCT,SPACE
 
I,'m,thirty,seven,.,"
"
nsubj,ROOT,compound,attr,punct,
PRON,VERB,NUM,NUM,PUNCT,SPACE
 
What,?,"
"
ROOT,punct,
NOUN,PUNCT,SPACE
 
I,'m,thirty,seven,--,I,'m,not,old,!,"
"
nsubj,ROOT,compound,attr,punct,nsubj,ROOT,neg,acomp,punct,
PRON,VERB,NUM,NUM,PUNCT,PRON,VERB,ADV,ADJ,PUNCT,SPACE
 
Well,",",I,ca,n't,just,call,you,`,Man,',.,"
"
intj,punct,nsubj,aux,neg,advmod,ROOT,dobj,punct,oprd,punct,punct,
INTJ,PUNCT,PRON,VERB,ADV,ADV,VERB,PRON,PUNCT,NOUN,PUNCT,PUNCT,SPACE
 
Well,",",you,could,say,`,Dennis,',.,"
"
intj,punct,nsubj,aux,ROOT,punct,dobj,punct,punct,
INTJ,PUNCT,PRON,VERB,VERB,PUNCT,PROPN,PUNCT,PUNCT,SPACE
 
Well,",",I,did,n't,know,you,were,called,`,Dennis,.,',"
"
intj,punct,nsubj,aux,neg,ROOT,nsubjpass,auxpass,ccomp,punct,oprd,punct,punct,
INTJ,PUNCT,PRON,VERB,ADV,VERB,PRON,VERB,VERB,PUNCT,PROPN,PUNCT,PUNCT,SPACE
 
Well,",",you,did,n't,bother,to,find,out,",",did,you,?,"
"
intj,punct,nsubj,aux,neg,ccomp,aux,xcomp,prt,punct,ROOT,nsubj,punct,
INTJ,PUNCT,PRON,VERB,ADV,VERB,PART,VERB,PART,PUNCT,VERB,PRON,PUNCT,SPACE
 
I,did,say,sorry,about,the,`,old,woman,",",',but,from,the,behind,you,looked,--,"
"
nsubj,aux,ROOT,acomp,prep,det,punct,amod,pobj,punct,punct,cc,prep,det,pobj,nsubj,conj,punct,
PRON,VERB,VERB,ADJ,ADP,DET,PUNCT,ADJ,NOUN,PUNCT,PUNCT,CCONJ,ADP,DET,NOUN,PRON,VERB,PUNCT,SPACE
 
What,I,object,to,is,you,automatically,treat,me,like,an,inferior,!,"
"
dobj,nsubj,csubj,aux,advcl,nsubj,advmod,ROOT,dobj,prep,det,pobj,punct,
NOUN,PRON,VERB,ADP,VERB,PRON,ADV,VERB,PRON,ADP,DET,NOUN,PUNCT,SPACE
 
Well,",",I,AM,king,...,"
"
intj,punct,nsubj,ROOT,dobj,punct,
INTJ,PUNCT,PRON,VERB,NOUN,PUNCT,SPACE
 
Oh,king,",",eh,",",very,nice,.,"
"
intj,ROOT,punct,intj,punct,advmod,amod,punct,
INTJ,NOUN,PUNCT,INTJ,PUNCT,ADV,ADJ,PUNCT,SPACE
 
An,',how,'d,you,get,that,",",eh,?,"
"
ROOT,punct,advmod,aux,nsubj,intj,dobj,punct,intj,punct,
DET,PUNCT,ADV,VERB,PRON,VERB,DET,PUNCT,INTJ,PUNCT,SPACE
 
By,exploitin,',the,workers,--,by,',angin,',on,to,outdated,imperialist,dogma,which,perpetuates,the,economic,an,',social,differences,in,our,society,!,"
"
ROOT,pobj,punct,det,pobj,punct,prep,punct,pobj,punct,prep,aux,amod,amod,appos,nsubj,relcl,det,amod,det,punct,amod,dobj,prep,poss,pobj,punct,
ADP,NOUN,PUNCT,DET,NOUN,PUNCT,ADP,PUNCT,VERB,PUNCT,ADP,ADP,ADJ,ADJ,NOUN,ADJ,VERB,DET,ADJ,DET,PUNCT,ADJ,NOUN,ADP,ADJ,NOUN,PUNCT,SPACE
 
If,there,'s,ever,going,to,be,any,progress,--,"
"
mark,expl,aux,advmod,ROOT,aux,xcomp,det,attr,punct,
ADP,ADV,VERB,ADV,VERB,PART,VERB,DET,NOUN,PUNCT,SPACE
 
Dennis,",",there,'s,some,lovely,filth,down,here,.,"
"
npadvmod,punct,expl,ROOT,det,amod,attr,advmod,advmod,punct,
PROPN,PUNCT,ADV,VERB,DET,ADJ,NOUN,ADV,ADV,PUNCT,SPACE
 
Oh,--,how,d,',you,do,?,"
"
intj,punct,advmod,aux,punct,nsubj,ROOT,punct,
INTJ,PUNCT,ADV,X,PUNCT,PRON,VERB,PUNCT,SPACE
 
How,do,you,do,",",good,lady,.,"
"
advmod,aux,nsubj,ROOT,punct,amod,npadvmod,punct,
ADV,VERB,PRON,VERB,PUNCT,ADJ,NOUN,PUNCT,SPACE
 
I,am,Arthur,",",King,of,the,Britons,.,"
"
nsubj,ROOT,attr,punct,appos,prep,det,pobj,punct,
PRON,VERB,PROPN,PUNCT,PROPN,ADP,DET,PROPN,PUNCT,SPACE
 
Who,'s,castle,is,that,?,"
"
nsubj,csubj,attr,ROOT,nsubj,punct,
NOUN,VERB,ADJ,VERB,DET,PUNCT,SPACE
 
King,of,the,who,?,"
"
ROOT,prep,det,pobj,punct,
PROPN,ADP,DET,NOUN,PUNCT,SPACE
 
The,Britons,.,"
"
det,ROOT,punct,
DET,PROPN,PUNCT,SPACE
 
Who,are,the,Britons,?,"
"
attr,ROOT,det,nsubj,punct,
NOUN,VERB,DET,PROPN,PUNCT,SPACE
 
Well,",",we,all,are,.,"
"
intj,punct,nsubj,appos,ROOT,punct,
INTJ,PUNCT,PRON,DET,VERB,PUNCT,SPACE
 
we,'re,all,Britons,and,I,am,your,king,.,"
"
nsubj,ROOT,dep,attr,cc,nsubj,ROOT,poss,attr,punct,
PRON,VERB,DET,PROPN,CCONJ,PRON,VERB,ADJ,NOUN,PUNCT,SPACE
 
I,did,n't,know,we,had,a,king,.,"
"
nsubj,aux,neg,ROOT,nsubj,ccomp,det,dobj,punct,
PRON,VERB,ADV,VERB,PRON,VERB,DET,NOUN,PUNCT,SPACE
 
I,thought,we,were,an,autonomous,collective,.,"
"
nsubj,ROOT,nsubj,ccomp,det,amod,attr,punct,
PRON,VERB,PRON,VERB,DET,ADJ,NOUN,PUNCT,SPACE
 
You,'re,fooling,yourself,.,"
"
nsubj,aux,ROOT,dobj,punct,
PRON,VERB,VERB,PRON,PUNCT,SPACE
 
We,'re,living,in,a,dictatorship,.,"
"
nsubj,aux,ROOT,prep,det,pobj,punct,
PRON,VERB,VERB,ADP,DET,NOUN,PUNCT,SPACE
 
A,self,-,perpetuating,autocracy,in,which,the,working,classes,--,"
"
det,npadvmod,punct,amod,ROOT,prep,pobj,det,amod,relcl,punct,
DET,NOUN,PUNCT,VERB,NOUN,ADP,ADJ,DET,NOUN,NOUN,PUNCT,SPACE
 
Oh,there,you,go,",",bringing,class,into,it,again,.,"
"
intj,advmod,nsubj,ROOT,punct,advcl,dobj,prep,pobj,advmod,punct,
INTJ,ADV,PRON,VERB,PUNCT,VERB,NOUN,ADP,PRON,ADV,PUNCT,SPACE
 
That,'s,what,it,'s,all,about,if,only,people,would,--,"
"
nsubj,ROOT,pobj,nsubj,ccomp,advmod,prep,mark,amod,nsubj,advcl,punct,
DET,VERB,NOUN,PRON,VERB,ADV,ADP,ADP,ADJ,NOUN,VERB,PUNCT,SPACE
 
Please,",",please,good,people,.,"
"
intj,punct,intj,amod,ROOT,punct,
INTJ,PUNCT,INTJ,ADJ,NOUN,PUNCT,SPACE
 
I,am,in,haste,.,"
"
nsubj,ROOT,prep,pobj,punct,
PRON,VERB,ADP,NOUN,PUNCT,SPACE
 
Who,lives,in,that,castle,?,"
"
nsubj,ROOT,prep,det,pobj,punct,
NOUN,VERB,ADP,DET,NOUN,PUNCT,SPACE
 
No,one,live,there,.,"
"
det,nsubj,ROOT,advmod,punct,
DET,NOUN,VERB,ADV,PUNCT,SPACE
 
Then,who,is,your,lord,?,"
"
advmod,attr,ROOT,poss,nsubj,punct,
ADV,NOUN,VERB,ADJ,NOUN,PUNCT,SPACE
 
We,do,n't,have,a,lord,.,"
"
nsubj,aux,neg,ROOT,det,dobj,punct,
PRON,VERB,ADV,VERB,DET,NOUN,PUNCT,SPACE
 
What,?,"
"
ROOT,punct,
NOUN,PUNCT,SPACE
 
I,told,you,.,"
"
nsubj,ROOT,dobj,punct,
PRON,VERB,PRON,PUNCT,SPACE
 
We,'re,an,anarcho,-,syndicalist,commune,.,"
"
nsubj,ROOT,det,compound,punct,compound,attr,punct,
PRON,VERB,DET,ADJ,PUNCT,ADJ,NOUN,PUNCT,SPACE
 
We,take,it,in,turns,to,act,as,a,sort,of,executive,officer,for,the,week,.,"
"
nsubj,ROOT,dobj,prep,pobj,aux,xcomp,prep,det,pobj,prep,amod,pobj,prep,det,pobj,punct,
PRON,VERB,PRON,ADP,VERB,PART,VERB,ADP,DET,NOUN,ADP,ADJ,NOUN,ADP,DET,NOUN,PUNCT,SPACE
 
Yes,.,"
"
ROOT,punct,
INTJ,PUNCT,SPACE
 
But,all,the,decision,of,that,officer,have,to,be,ratified,at,a,special,biweekly,meeting,.,"
"
cc,predet,det,nsubj,prep,det,pobj,ROOT,aux,auxpass,xcomp,prep,det,amod,amod,pobj,punct,
CCONJ,ADJ,DET,NOUN,ADP,DET,NOUN,VERB,PART,VERB,VERB,ADP,DET,ADJ,ADV,NOUN,PUNCT,SPACE
 
Yes,",",I,see,.,"
"
intj,punct,nsubj,ROOT,punct,
INTJ,PUNCT,PRON,VERB,PUNCT,SPACE
 
By,a,simple,majority,in,the,case,of,purely,internal,affairs,",",--,"
"
ROOT,det,amod,pobj,prep,det,pobj,prep,advmod,amod,pobj,punct,punct,
ADP,DET,ADJ,NOUN,ADP,DET,NOUN,ADP,ADV,ADJ,NOUN,PUNCT,PUNCT,SPACE
 
Be,quiet,!,"
"
ROOT,acomp,punct,
VERB,ADJ,PUNCT,SPACE
 
--,but,by,a,two,-,thirds,majority,in,the,case,of,more,--,"
"
ROOT,cc,prep,det,nummod,punct,compound,pobj,prep,det,pobj,prep,pobj,punct,
PUNCT,CCONJ,ADP,DET,NUM,PUNCT,NOUN,NOUN,ADP,DET,NOUN,ADP,ADJ,PUNCT,SPACE
 
Be,quiet,!,"
"
ROOT,acomp,punct,
VERB,ADJ,PUNCT,SPACE
 
I,order,you,to,be,quiet,!,"
"
nsubj,ROOT,nsubj,aux,ccomp,acomp,punct,
PRON,VERB,PRON,PART,VERB,ADJ,PUNCT,SPACE
 
Order,",",eh,--,who,does,he,think,he,is,?,"
"
ROOT,punct,intj,punct,attr,aux,nsubj,relcl,nsubj,ccomp,punct,
NOUN,PUNCT,INTJ,PUNCT,NOUN,VERB,PRON,VERB,PRON,VERB,PUNCT,SPACE
 
I,am,your,king,!,"
"
nsubj,ROOT,poss,attr,punct,
PRON,VERB,ADJ,NOUN,PUNCT,SPACE
 
Well,",",I,did,n't,vote,for,you,.,"
"
intj,punct,nsubj,aux,neg,ROOT,dative,pobj,punct,
INTJ,PUNCT,PRON,VERB,ADV,VERB,ADP,PRON,PUNCT,SPACE
 
You,do,n't,vote,for,kings,.,"
"
nsubj,aux,neg,ROOT,prep,pobj,punct,
PRON,VERB,ADV,VERB,ADP,NOUN,PUNCT,SPACE
 
Well,",",',ow,did,you,become,king,then,?,"
"
intj,punct,punct,advmod,aux,nsubj,ROOT,attr,advmod,punct,
INTJ,PUNCT,PUNCT,NOUN,VERB,PRON,VERB,NOUN,ADV,PUNCT,SPACE
 
The,Lady,of,the,Lake,",","
"
det,ROOT,prep,det,pobj,punct,
DET,PROPN,ADP,DET,PROPN,PUNCT,SPACE
 
her,arm,clad,in,the,purest,shimmering,samite,",",held,aloft,Excalibur,from,the,bosom,of,the,water,signifying,by,Divine,Providence,that,I,",",Arthur,",",was,to,carry,Excalibur,.,"
"
poss,nsubj,ROOT,prep,det,amod,compound,pobj,punct,advcl,amod,dobj,prep,det,pobj,prep,det,pobj,acl,prep,compound,pobj,mark,nsubj,punct,appos,punct,ccomp,aux,xcomp,dobj,punct,
ADJ,NOUN,VERB,ADP,DET,ADJ,ADJ,NOUN,PUNCT,VERB,ADV,PROPN,ADP,DET,NOUN,ADP,DET,NOUN,VERB,ADP,PROPN,PROPN,ADP,PRON,PUNCT,PROPN,PUNCT,VERB,PART,VERB,PROPN,PUNCT,SPACE
 
That,is,why,I,am,your,king,!,"
"
nsubj,ROOT,advmod,nsubj,ccomp,poss,attr,punct,
DET,VERB,ADV,PRON,VERB,ADJ,NOUN,PUNCT,SPACE
 
Listen,--,strange,women,lying,in,ponds,distributing,swords,is,no,basis,for,a,system,of,government,.,"
"
advcl,punct,amod,nsubj,acl,prep,pobj,acl,dobj,ROOT,det,attr,prep,det,pobj,prep,pobj,punct,
VERB,PUNCT,ADJ,NOUN,VERB,ADP,NOUN,VERB,NOUN,VERB,DET,NOUN,ADP,DET,NOUN,ADP,NOUN,PUNCT,SPACE
 
Supreme,executive,power,derives,from,a,mandate,from,the,masses,",",not,from,some,farcical,aquatic,ceremony,.,"
"
amod,amod,nsubj,ROOT,prep,det,pobj,prep,det,pobj,punct,neg,prep,det,amod,amod,pobj,punct,
PROPN,ADJ,NOUN,VERB,ADP,DET,NOUN,ADP,DET,NOUN,PUNCT,ADV,ADP,DET,ADJ,ADJ,NOUN,PUNCT,SPACE
 
Be,quiet,!,"
"
ROOT,acomp,punct,
VERB,ADJ,PUNCT,SPACE
 
Well,you,ca,n't,expect,to,wield,supreme,executive,power,just,',cause,some,watery,tart,threw,a,sword,at,you,!,"
"
intj,nsubj,aux,neg,ROOT,aux,xcomp,amod,amod,dobj,advmod,punct,ccomp,det,compound,nsubj,ccomp,det,dobj,prep,pobj,punct,
INTJ,PRON,VERB,ADV,VERB,PART,VERB,ADJ,ADJ,NOUN,ADV,PUNCT,VERB,DET,ADJ,NOUN,VERB,DET,NOUN,ADP,PRON,PUNCT,SPACE
 
Shut,up,!,"
"
ROOT,prt,punct,
VERB,PART,PUNCT,SPACE
 
I,mean,",",if,I,went,around,sayin,',I,was,an,empereror,just,because,some,moistened,bint,had,lobbed,a,scimitar,at,me,they,'d,put,me,away,!,"
"
nsubj,parataxis,punct,mark,nsubj,advcl,advmod,advmod,punct,nsubj,ROOT,det,attr,advmod,mark,det,amod,nsubj,aux,advcl,det,dobj,prep,pobj,nsubj,aux,ROOT,dobj,advmod,punct,
PRON,VERB,PUNCT,ADP,PRON,VERB,ADV,NOUN,PUNCT,PRON,VERB,DET,NOUN,ADV,ADP,DET,ADJ,NOUN,VERB,VERB,DET,NOUN,ADP,PRON,PRON,VERB,VERB,PRON,ADV,PUNCT,SPACE
 
Shut,up,!,"
"
ROOT,prt,punct,
VERB,PART,PUNCT,SPACE
 
Will,you,shut,up,!,"
"
aux,nsubj,ROOT,prt,punct,
VERB,PRON,VERB,PART,PUNCT,SPACE
 
Ah,",",now,we,see,the,violence,inherent,in,the,system,.,"
"
intj,punct,advmod,nsubj,ROOT,det,dobj,amod,prep,det,pobj,punct,
INTJ,PUNCT,ADV,PRON,VERB,DET,NOUN,ADJ,ADP,DET,NOUN,PUNCT,SPACE
 
Shut,up,!,"
"
ROOT,prt,punct,
VERB,PART,PUNCT,SPACE
 
Oh,!,"
"
ROOT,punct,
INTJ,PUNCT,SPACE
 
Come,and,see,the,violence,inherent,in,the,system,!,"
"
ROOT,cc,conj,det,dobj,amod,prep,det,pobj,punct,
VERB,CCONJ,VERB,DET,NOUN,ADJ,ADP,DET,NOUN,PUNCT,SPACE
 
HELP,!,"
"
ROOT,punct,
PROPN,PUNCT,SPACE
 
I,'m,being,repressed,!,"
"
nsubjpass,aux,auxpass,ROOT,punct,
PRON,VERB,VERB,VERB,PUNCT,SPACE
 
Bloody,peasant,!,"
"
amod,ROOT,punct,
ADJ,NOUN,PUNCT,SPACE
 
Oh,",",what,a,give,away,.,"
"
intj,punct,dobj,nsubj,ROOT,prt,punct,
INTJ,PUNCT,ADJ,DET,VERB,PART,PUNCT,SPACE
 
Did,you,here,that,",",did,you,here,that,",",eh,?,"
"
aux,nsubj,advmod,mark,punct,ROOT,nsubj,advmod,nsubj,punct,intj,punct,
VERB,PRON,ADV,DET,PUNCT,VERB,PRON,ADV,ADP,PUNCT,INTJ,PUNCT,SPACE
 
That,'s,what,I,'m,on,about,--,did,you,see,him,repressing,me,",",you,saw,it,did,n't,you,?,"
"
nsubj,ccomp,pobj,nsubj,ccomp,prep,prep,punct,aux,nsubj,ccomp,nsubj,ccomp,dobj,punct,nsubj,ROOT,nsubj,ccomp,neg,nsubj,punct,
DET,VERB,NOUN,PRON,VERB,ADV,ADP,PUNCT,VERB,PRON,VERB,PRON,VERB,PRON,PUNCT,PRON,VERB,PRON,VERB,ADV,PRON,PUNCT,SPACE
 
You,fight,with,the,strength,of,many,men,",",Sir,knight,.,"
"
nsubj,ccomp,prep,det,pobj,prep,amod,pobj,punct,nsubj,ROOT,punct,
PRON,VERB,ADP,DET,NOUN,ADP,ADJ,NOUN,PUNCT,PROPN,NOUN,PUNCT,SPACE
 
I,am,Arthur,",",King,of,the,Britons,.,"
"
nsubj,ROOT,attr,punct,appos,prep,det,pobj,punct,
PRON,VERB,PROPN,PUNCT,PROPN,ADP,DET,PROPN,PUNCT,SPACE
 
I,seek,the,finest,and,the,bravest,knights,in,the,land,to,join,me,in,my,Court,of,Camelot,.,"
"
nsubj,ROOT,det,dobj,cc,det,amod,conj,prep,det,pobj,aux,advcl,dobj,prep,poss,pobj,prep,pobj,punct,
PRON,VERB,DET,ADJ,CCONJ,DET,ADJ,NOUN,ADP,DET,NOUN,PART,VERB,PRON,ADP,ADJ,PROPN,ADP,PROPN,PUNCT,SPACE
 
You,have,proved,yourself,worthy,;,will,you,join,me,?,"
"
nsubj,aux,ccomp,dobj,oprd,punct,aux,nsubj,ROOT,dobj,punct,
PRON,VERB,VERB,PRON,ADJ,PUNCT,VERB,PRON,VERB,PRON,PUNCT,SPACE
 
You,make,me,sad,.,"
"
nsubj,ROOT,nsubj,ccomp,punct,
PRON,VERB,PRON,ADJ,PUNCT,SPACE
 
So,be,it,.,"
"
advmod,ROOT,nsubj,punct,
ADV,VERB,PRON,PUNCT,SPACE
 
Come,",",Patsy,.,"
"
ROOT,punct,npadvmod,punct,
VERB,PUNCT,PROPN,PUNCT,SPACE
 
None,shall,pass,.,"
"
nsubj,aux,ROOT,punct,
NOUN,VERB,VERB,PUNCT,SPACE
 
What,?,"
"
ROOT,punct,
NOUN,PUNCT,SPACE
 
None,shall,pass,.,"
"
nsubj,aux,ROOT,punct,
NOUN,VERB,VERB,PUNCT,SPACE
 
I,have,no,quarrel,with,you,",",good,Sir,knight,",",but,I,must,cross,this,bridge,.,"
"
nsubj,ROOT,det,dobj,prep,pobj,punct,amod,compound,conj,punct,cc,nsubj,aux,conj,det,dobj,punct,
PRON,VERB,DET,NOUN,ADP,PRON,PUNCT,ADJ,PROPN,NOUN,PUNCT,CCONJ,PRON,VERB,VERB,DET,NOUN,PUNCT,SPACE
 
Then,you,shall,die,.,"
"
advmod,nsubj,aux,ROOT,punct,
ADV,PRON,VERB,VERB,PUNCT,SPACE
 
I,command,you,as,King,of,the,Britons,to,stand,aside,!,"
"
nsubj,ROOT,dobj,prep,pobj,prep,det,pobj,aux,advcl,advmod,punct,
PRON,VERB,PRON,ADP,PROPN,ADP,DET,PROPN,PART,VERB,ADV,PUNCT,SPACE
 
I,move,for,no,man,.,"
"
nsubj,ROOT,prep,det,pobj,punct,
PRON,VERB,ADP,DET,NOUN,PUNCT,SPACE
 
So,be,it,!,"
"
advmod,ROOT,nsubj,punct,
ADV,VERB,PRON,PUNCT,SPACE
 
Now,stand,aside,",",worthy,adversary,.,"
"
advmod,ROOT,advmod,punct,amod,appos,punct,
ADV,VERB,ADV,PUNCT,ADJ,NOUN,PUNCT,SPACE
 
',Tis,but,a,scratch,.,"
"
punct,ROOT,cc,det,conj,punct,
PUNCT,PROPN,CCONJ,DET,NOUN,PUNCT,SPACE
 
A,scratch,?,"
"
det,ROOT,punct,
DET,NOUN,PUNCT,SPACE
 
Your,arm,'s,off,!,"
"
poss,nsubj,ROOT,advmod,punct,
ADJ,NOUN,VERB,ADV,PUNCT,SPACE
 
No,",",it,is,n't,.,"
"
intj,punct,nsubj,ROOT,neg,punct,
INTJ,PUNCT,PRON,VERB,ADV,PUNCT,SPACE
 
Well,",",what,'s,that,then,?,"
"
intj,punct,attr,ROOT,nsubj,advmod,punct,
INTJ,PUNCT,NOUN,VERB,DET,ADV,PUNCT,SPACE
 
I,'ve,had,worse,.,"
"
nsubj,aux,ROOT,dobj,punct,
PRON,VERB,VERB,ADJ,PUNCT,SPACE
 
You,liar,!,"
"
nsubj,ROOT,punct,
PRON,NOUN,PUNCT,SPACE
 
Come,on,you,pansy,!,"
"
ROOT,prep,pobj,npadvmod,punct,
VERB,ADP,PRON,VERB,PUNCT,SPACE
 
Victory,is,mine,!,"
"
nsubj,ROOT,acomp,punct,
NOUN,VERB,PRON,PUNCT,SPACE
 
We,thank,thee,Lord,",",that,in,thy,merc,-,"
"
nsubj,ROOT,compound,dobj,punct,advmod,prep,poss,pobj,punct,
PRON,VERB,PRON,PROPN,PUNCT,ADP,ADP,ADJ,NOUN,PUNCT,SPACE
 
Come,on,then,.,"
"
ROOT,prt,advmod,punct,
VERB,PART,ADV,PUNCT,SPACE
 
What,?,"
"
ROOT,punct,
NOUN,PUNCT,SPACE
 
Have,at,you,!,"
"
ROOT,prep,pobj,punct,
VERB,ADP,PRON,PUNCT,SPACE
 
You,are,indeed,brave,",",Sir,knight,",",but,the,fight,is,mine,.,"
"
nsubj,ROOT,advmod,acomp,punct,compound,npadvmod,punct,cc,det,nsubj,conj,acomp,punct,
PRON,VERB,ADV,ADJ,PUNCT,PROPN,NOUN,PUNCT,CCONJ,DET,NOUN,VERB,PRON,PUNCT,SPACE
 
Oh,",",had,enough,",",eh,?,"
"
intj,punct,ROOT,dobj,punct,intj,punct,
INTJ,PUNCT,VERB,ADV,PUNCT,INTJ,PUNCT,SPACE
 
Look,",",you,stupid,bastard,",",you,',ve,got,no,arms,left,.,"
"
advcl,punct,nsubj,amod,intj,punct,nsubj,punct,aux,ROOT,det,nsubj,ccomp,punct,
VERB,PUNCT,PRON,ADJ,NOUN,PUNCT,PRON,PUNCT,VERB,VERB,DET,NOUN,VERB,PUNCT,SPACE
 
Yes,I,have,.,"
"
intj,nsubj,ROOT,punct,
INTJ,PRON,VERB,PUNCT,SPACE
 
Look,!,"
"
ROOT,punct,
VERB,PUNCT,SPACE
 
Just,a,flesh,wound,.,"
"
advmod,det,compound,ROOT,punct,
ADV,DET,NOUN,NOUN,PUNCT,SPACE
 
Look,",",stop,that,.,"
"
intj,punct,ROOT,dobj,punct,
VERB,PUNCT,VERB,DET,PUNCT,SPACE
 
Chicken,!,"
"
ROOT,punct,
NOUN,PUNCT,SPACE
 
Look,",",I,'ll,have,your,leg,.,"
"
advcl,punct,nsubj,aux,ROOT,poss,dobj,punct,
VERB,PUNCT,PRON,VERB,VERB,ADJ,NOUN,PUNCT,SPACE
 
Right,!,"
"
ROOT,punct,
INTJ,PUNCT,SPACE
 
Right,",",I,'ll,do,you,for,that,!,"
"
intj,punct,nsubj,aux,ROOT,dobj,prep,pobj,punct,
INTJ,PUNCT,PRON,VERB,VERB,PRON,ADP,DET,PUNCT,SPACE
 
You,'ll,what,?,"
"
nsubj,ROOT,dobj,punct,
PRON,VERB,NOUN,PUNCT,SPACE
 
Come,',ere,!,"
"
ROOT,punct,advmod,punct,
VERB,PUNCT,INTJ,PUNCT,SPACE
 
What,are,you,going,to,do,",",bleed,on,me,?,"
"
dobj,aux,nsubj,csubj,aux,xcomp,punct,ROOT,prep,pobj,punct,
NOUN,VERB,PRON,VERB,PART,VERB,PUNCT,VERB,ADP,PRON,PUNCT,SPACE
 
I,'m,invincible,!,"
"
nsubj,ROOT,acomp,punct,
PRON,VERB,ADJ,PUNCT,SPACE
 
You,'re,a,loony,.,"
"
nsubj,ROOT,det,attr,punct,
PRON,VERB,DET,NOUN,PUNCT,SPACE
 
The,Black,Knight,always,triumphs,!,"
"
det,compound,nsubj,advmod,ROOT,punct,
DET,PROPN,PROPN,ADV,VERB,PUNCT,SPACE
 
Have,at,you,!,"
"
ROOT,prep,pobj,punct,
VERB,ADP,PRON,PUNCT,SPACE
 
Come,on,then,.,"
"
ROOT,prt,advmod,punct,
VERB,PART,ADV,PUNCT,SPACE
 
All,right,;,we,'ll,call,it,a,draw,.,"
"
advmod,advmod,punct,nsubj,aux,ROOT,dobj,det,oprd,punct,
ADV,ADV,PUNCT,PRON,VERB,VERB,PRON,DET,NOUN,PUNCT,SPACE
 
Come,",",Patsy,.,"
"
ROOT,punct,npadvmod,punct,
VERB,PUNCT,PROPN,PUNCT,SPACE
 
Oh,",",oh,",",I,see,",",running,away,then,.,"
"
intj,punct,intj,punct,nsubj,ROOT,punct,advcl,advmod,advmod,punct,
INTJ,PUNCT,INTJ,PUNCT,PRON,VERB,PUNCT,VERB,ADV,ADV,PUNCT,SPACE
 
You,yellow,bastards,!,"
"
nmod,amod,ROOT,punct,
PRON,ADJ,NOUN,PUNCT,SPACE
 
Come,back,here,and,take,what,'s,coming,to,you,.,"
"
ROOT,advmod,advmod,cc,conj,nsubj,aux,ccomp,prep,pobj,punct,
VERB,ADV,ADV,CCONJ,VERB,NOUN,VERB,VERB,ADP,PRON,PUNCT,SPACE
 
I,'ll,bite,your,legs,off,!,"
"
nsubj,aux,ROOT,poss,dobj,prt,punct,
PRON,VERB,VERB,ADJ,NOUN,PART,PUNCT,SPACE
 
A,witch,!,"
"
det,ROOT,punct,
DET,NOUN,PUNCT,SPACE
 
We,'ve,got,a,witch,!,"
"
nsubj,aux,ROOT,det,dobj,punct,
PRON,VERB,VERB,DET,NOUN,PUNCT,SPACE
 
A,witch,!,"
"
det,ROOT,punct,
DET,NOUN,PUNCT,SPACE
 
We,have,found,a,witch,",",might,we,burn,her,?,"
"
nsubj,aux,ccomp,det,dobj,punct,aux,nsubj,ROOT,dobj,punct,
PRON,VERB,VERB,DET,NOUN,PUNCT,VERB,PRON,VERB,PRON,PUNCT,SPACE
 
Burn,her,!,"
"
ROOT,dobj,punct,
VERB,PRON,PUNCT,SPACE
 
Burn,!,"
"
ROOT,punct,
VERB,PUNCT,SPACE
 
How,do,you,know,she,is,a,witch,?,"
"
advmod,aux,nsubj,ROOT,nsubj,ccomp,det,attr,punct,
ADV,VERB,PRON,VERB,PRON,VERB,DET,NOUN,PUNCT,SPACE
 
She,looks,like,one,.,"
"
nsubj,ROOT,prep,pobj,punct,
PRON,VERB,ADP,NUM,PUNCT,SPACE
 
Bring,her,forward,.,"
"
ROOT,dobj,advmod,punct,
VERB,PRON,ADV,PUNCT,SPACE
 
I,'m,not,a,witch,.,"
"
nsubj,ROOT,neg,det,attr,punct,
PRON,VERB,ADV,DET,NOUN,PUNCT,SPACE
 
But,you,are,dressed,as,one,.,"
"
cc,nsubjpass,auxpass,ROOT,prep,pobj,punct,
CCONJ,PRON,VERB,VERB,ADP,NUM,PUNCT,SPACE
 
They,dressed,me,up,like,this,.,"
"
nsubj,ROOT,dobj,prt,prep,pobj,punct,
PRON,VERB,PRON,PART,ADP,DET,PUNCT,SPACE
 
No,",",we,did,n't,...,no,.,"
"
intj,punct,nsubj,ROOT,neg,punct,ROOT,punct,
INTJ,PUNCT,PRON,VERB,ADV,PUNCT,INTJ,PUNCT,SPACE
 
And,this,is,n't,my,nose,",",it,'s,a,false,one,.,"
"
cc,nsubj,ccomp,neg,poss,attr,punct,nsubj,ROOT,det,amod,attr,punct,
CCONJ,DET,VERB,ADV,ADJ,NOUN,PUNCT,PRON,VERB,DET,ADJ,NOUN,PUNCT,SPACE
 
Well,?,"
"
ROOT,punct,
INTJ,PUNCT,SPACE
 
Well,",",we,did,do,the,nose,.,"
"
intj,punct,nsubj,aux,ROOT,det,dobj,punct,
INTJ,PUNCT,PRON,VERB,VERB,DET,NOUN,PUNCT,SPACE
 
The,nose,?,"
"
det,ROOT,punct,
DET,NOUN,PUNCT,SPACE
 
And,the,hat,--,but,she,is,a,witch,!,"
"
cc,det,ROOT,punct,cc,nsubj,conj,det,attr,punct,
CCONJ,DET,NOUN,PUNCT,CCONJ,PRON,VERB,DET,NOUN,PUNCT,SPACE
 
Burn,her,!,"
"
ROOT,dobj,punct,
VERB,PRON,PUNCT,SPACE
 
Witch,!,"
"
ROOT,punct,
VERB,PUNCT,SPACE
 
Burn,her,!,"
"
ROOT,dobj,punct,
VERB,PRON,PUNCT,SPACE
 
Did,you,dress,her,up,like,this,?,"
"
aux,nsubj,ROOT,dobj,prt,prep,pobj,punct,
VERB,PRON,VERB,PRON,PART,ADP,DET,PUNCT,SPACE
 
No,",",no,...,"
"
intj,punct,ROOT,punct,
INTJ,PUNCT,INTJ,PUNCT,SPACE
 
no,...,yes,.,"
"
ROOT,punct,ROOT,punct,
INTJ,PUNCT,INTJ,PUNCT,SPACE
 
Yes,",",yes,",",a,bit,",",a,bit,.,"
"
ROOT,punct,intj,punct,det,npadvmod,punct,det,appos,punct,
INTJ,PUNCT,INTJ,PUNCT,DET,NOUN,PUNCT,DET,NOUN,PUNCT,SPACE
 
She,has,got,a,wart,.,"
"
nsubj,aux,ROOT,det,dobj,punct,
PRON,VERB,VERB,DET,NOUN,PUNCT,SPACE
 
What,makes,you,think,she,is,a,witch,?,"
"
nsubj,ROOT,nsubj,ccomp,nsubj,ccomp,det,attr,punct,
NOUN,VERB,PRON,VERB,PRON,VERB,DET,NOUN,PUNCT,SPACE
 
Well,",",she,turned,me,into,a,newt,.,"
"
intj,punct,nsubj,ROOT,dobj,prep,det,pobj,punct,
INTJ,PUNCT,PRON,VERB,PRON,ADP,DET,NOUN,PUNCT,SPACE
 
A,newt,?,"
"
det,ROOT,punct,
DET,NOUN,PUNCT,SPACE
 
I,got,better,.,"
"
nsubj,ROOT,acomp,punct,
PRON,VERB,ADJ,PUNCT,SPACE
 
Burn,her,anyway,!,"
"
ROOT,dobj,advmod,punct,
VERB,PRON,ADV,PUNCT,SPACE
 
Burn,!,"
"
ROOT,punct,
VERB,PUNCT,SPACE
 
Burn,her,!,"
"
ROOT,dobj,punct,
VERB,PRON,PUNCT,SPACE
 
Quiet,",",quiet,.,"
"
amod,punct,ROOT,punct,
ADJ,PUNCT,ADJ,PUNCT,SPACE
 
Quiet,!,"
"
ROOT,punct,
ADJ,PUNCT,SPACE
 
There,are,ways,of,telling,whether,she,is,a,witch,.,"
"
expl,ROOT,attr,prep,pcomp,mark,nsubj,ccomp,det,attr,punct,
ADV,VERB,NOUN,ADP,VERB,ADP,PRON,VERB,DET,NOUN,PUNCT,SPACE
 
Are,there,?,"
"
ROOT,expl,punct,
VERB,ADV,PUNCT,SPACE
 
What,are,they,?,"
"
attr,ROOT,nsubj,punct,
NOUN,VERB,PRON,PUNCT,SPACE
 
Tell,me,",",what,do,you,do,with,witches,?,"
"
ROOT,dobj,punct,dobj,aux,nsubj,ccomp,prep,pobj,punct,
VERB,PRON,PUNCT,NOUN,VERB,PRON,VERB,ADP,NOUN,PUNCT,SPACE
 
Burn,!,"
"
ROOT,punct,
VERB,PUNCT,SPACE
 
Burn,",",burn,them,up,!,"
"
advcl,punct,ROOT,dobj,prt,punct,
INTJ,PUNCT,VERB,PRON,PART,PUNCT,SPACE
 
And,what,do,you,burn,apart,from,witches,?,"
"
cc,dobj,aux,nsubj,ROOT,advmod,prep,pobj,punct,
CCONJ,NOUN,VERB,PRON,VERB,ADV,ADP,NOUN,PUNCT,SPACE
 
More,witches,!,"
"
amod,ROOT,punct,
ADJ,NOUN,PUNCT,SPACE
 
Wood,!,"
"
ROOT,punct,
NOUN,PUNCT,SPACE
 
So,",",why,do,witches,burn,?,"
"
advmod,punct,advmod,aux,nsubj,ROOT,punct,
CCONJ,PUNCT,ADV,VERB,NOUN,VERB,PUNCT,SPACE
 
B,--,...,"
"
ROOT,punct,punct,
NOUN,PUNCT,PUNCT,SPACE
 
',cause,they,'re,made,of,wood,...,?,"
"
punct,ROOT,nsubjpass,auxpass,ccomp,prep,pobj,punct,punct,
PUNCT,ADP,PRON,VERB,VERB,ADP,NOUN,PUNCT,PUNCT,SPACE
 
Good,!,"
"
ROOT,punct,
ADJ,PUNCT,SPACE
 
Oh,yeah,",",yeah,...,"
"
ROOT,intj,punct,intj,punct,
INTJ,INTJ,PUNCT,INTJ,PUNCT,SPACE
 
So,",",how,do,we,tell,whether,she,is,made,of,wood,?,"
"
advmod,punct,advmod,aux,nsubj,ROOT,mark,nsubjpass,auxpass,ccomp,prep,pobj,punct,
CCONJ,PUNCT,ADV,VERB,PRON,VERB,ADP,PRON,VERB,VERB,ADP,NOUN,PUNCT,SPACE
 
Build,a,bridge,out,of,her,.,"
"
ROOT,det,dobj,prep,prep,pobj,punct,
VERB,DET,NOUN,ADP,ADP,PRON,PUNCT,SPACE
 
Aah,",",but,can,you,not,also,build,bridges,out,of,stone,?,"
"
npadvmod,punct,cc,aux,nsubj,neg,advmod,ROOT,dobj,prep,prep,pobj,punct,
PROPN,PUNCT,CCONJ,VERB,PRON,ADV,ADV,VERB,NOUN,ADP,ADP,NOUN,PUNCT,SPACE
 
Oh,",",yeah,.,"
"
intj,punct,ROOT,punct,
INTJ,PUNCT,INTJ,PUNCT,SPACE
 
Does,wood,sink,in,water,?,"
"
aux,compound,ROOT,prep,pobj,punct,
VERB,NOUN,NOUN,ADP,NOUN,PUNCT,SPACE
 
No,",",no,.,"
"
intj,punct,ROOT,punct,
INTJ,PUNCT,INTJ,PUNCT,SPACE
 
It,floats,!,"
"
nsubj,ROOT,punct,
PRON,VERB,PUNCT,SPACE
 
Throw,her,into,the,pond,!,"
"
ROOT,dobj,prep,det,pobj,punct,
VERB,PRON,ADP,DET,NOUN,PUNCT,SPACE
 
The,pond,!,"
"
det,ROOT,punct,
DET,NOUN,PUNCT,SPACE
 
What,also,floats,in,water,?,"
"
nsubj,advmod,ROOT,prep,pobj,punct,
NOUN,ADV,VERB,ADP,NOUN,PUNCT,SPACE
 
Bread,!,"
"
ROOT,punct,
NOUN,PUNCT,SPACE
 
Apples,!,"
"
ROOT,punct,
NOUN,PUNCT,SPACE
 
Very,small,rocks,!,"
"
advmod,amod,ROOT,punct,
ADV,ADJ,NOUN,PUNCT,SPACE
 
Cider,!,"
"
ROOT,punct,
NOUN,PUNCT,SPACE
 
Great,gravy,!,"
"
amod,ROOT,punct,
ADJ,NOUN,PUNCT,SPACE
 
Cherries,!,"
"
ROOT,punct,
NOUN,PUNCT,SPACE
 
Mud,!,"
"
ROOT,punct,
PROPN,PUNCT,SPACE
 
Churches,--,churches,!,"
"
ROOT,punct,appos,punct,
NOUN,PUNCT,NOUN,PUNCT,SPACE
 
Lead,--,lead,!,"
"
nsubj,punct,ROOT,punct,
NOUN,PUNCT,NOUN,PUNCT,SPACE
 
A,duck,.,"
"
det,ROOT,punct,
DET,NOUN,PUNCT,SPACE
 
Oooh,.,"
"
ROOT,punct,
INTJ,PUNCT,SPACE
 
Exactly,!,"
"
ROOT,punct,
ADV,PUNCT,SPACE
 
So,",",logically,...,",","
"
advmod,punct,ROOT,punct,punct,
ADV,PUNCT,ADV,PUNCT,PUNCT,SPACE
 
If,...,"
"
ROOT,punct,
ADP,PUNCT,SPACE
 
she,.,.,"
"
ROOT,punct,punct,
PRON,PUNCT,PUNCT,SPACE
 
weighs,the,same,as,a,duck,",",she,'s,made,of,wood,.,"
"
advcl,det,dobj,prep,det,pobj,punct,nsubjpass,auxpass,ROOT,prep,pobj,punct,
VERB,DET,ADJ,ADP,DET,NOUN,PUNCT,PRON,VERB,VERB,ADP,NOUN,PUNCT,SPACE
 
And,therefore,--,?,"
"
cc,ROOT,punct,punct,
CCONJ,ADV,PUNCT,PUNCT,SPACE
 
A,witch,!,"
"
det,ROOT,punct,
DET,NOUN,PUNCT,SPACE
 
We,shall,use,my,larger,scales,!,"
"
nsubj,aux,ROOT,poss,amod,dobj,punct,
PRON,VERB,VERB,ADJ,ADJ,NOUN,PUNCT,SPACE
 
Right,",",remove,the,supports,!,"
"
intj,punct,ROOT,det,dobj,punct,
INTJ,PUNCT,VERB,DET,NOUN,PUNCT,SPACE
 
A,witch,!,"
"
det,ROOT,punct,
DET,NOUN,PUNCT,SPACE
 
It,'s,a,fair,cop,.,"
"
nsubj,ROOT,det,amod,attr,punct,
PRON,VERB,DET,ADJ,NOUN,PUNCT,SPACE
 
Burn,her,!,"
"
ROOT,dobj,punct,
VERB,PRON,PUNCT,SPACE
 
Burn,!,"
"
ROOT,punct,
VERB,PUNCT,SPACE
 
Who,are,you,who,are,so,wise,in,the,ways,of,science,?,"
"
attr,ROOT,nsubj,nsubj,ccomp,advmod,acomp,prep,det,pobj,prep,pobj,punct,
NOUN,VERB,PRON,NOUN,VERB,ADV,ADJ,ADP,DET,NOUN,ADP,NOUN,PUNCT,SPACE
 
I,am,Arthur,",",King,of,the,Britons,.,"
"
nsubj,ROOT,attr,punct,appos,prep,det,pobj,punct,
PRON,VERB,PROPN,PUNCT,PROPN,ADP,DET,PROPN,PUNCT,SPACE
 
My,liege,!,"
"
poss,ROOT,punct,
ADJ,NOUN,PUNCT,SPACE
 
Good,Sir,knight,",",will,you,come,with,me,to,Camelot,",",and,join,us,at,the,Round,Table,?,"
"
amod,compound,npadvmod,punct,aux,nsubj,ROOT,prep,pobj,prep,pobj,punct,cc,conj,dobj,prep,det,compound,pobj,punct,
PROPN,PROPN,NOUN,PUNCT,VERB,PRON,VERB,ADP,PRON,ADP,PROPN,PUNCT,CCONJ,VERB,PRON,ADP,DET,PROPN,PROPN,PUNCT,SPACE
 
My,liege,!,"
"
poss,ROOT,punct,
ADJ,NOUN,PUNCT,SPACE
 
I,would,be,honored,.,"
"
nsubjpass,aux,auxpass,ROOT,punct,
PRON,VERB,VERB,VERB,PUNCT,SPACE
 
What,is,your,name,?,"
"
attr,ROOT,poss,nsubj,punct,
NOUN,VERB,ADJ,NOUN,PUNCT,SPACE
 
Bedemir,",",my,leige,.,"
"
ROOT,punct,poss,npadvmod,punct,
PROPN,PUNCT,ADJ,NOUN,PUNCT,SPACE
 
Then,I,dub,you,Sir,Bedemir,",",Knight,of,the,Round,Table,.,"
"
advmod,nsubj,ROOT,dobj,compound,oprd,punct,appos,prep,det,compound,pobj,punct,
ADV,PRON,VERB,PRON,PROPN,PROPN,PUNCT,PROPN,ADP,DET,PROPN,PROPN,PUNCT,SPACE
 
The,wise,Sir,Bedemir,was,the,first,to,join,King,Arthur,'s,knights,",",but,other,illustrious,names,were,soon,to,follow,:,Sir,Launcelot,the,Brave,;,Sir,Galahad,the,Pure,;,and,Sir,Robin,the,Not,-,quite,-,so,-,brave,-,as,-,Sir,-,Launcelot,who,had,nearly,fought,the,Dragon,of,Agnor,",",who,had,nearly,stood,up,to,the,vicious,Chicken,of,Bristol,and,who,had,personally,wet,himself,at,the,Battle,of,Badon,Hill,;,and,the,aptly,named,Sir,Not,-,appearing,-,in,-,this,-,film,.,"
"
det,amod,compound,nsubj,ROOT,det,attr,aux,relcl,compound,poss,case,dobj,punct,cc,amod,amod,nsubj,conj,advmod,aux,xcomp,punct,compound,appos,det,appos,punct,nsubj,conj,det,dobj,punct,cc,compound,conj,intj,neg,punct,advmod,punct,advmod,punct,intj,punct,prep,punct,compound,punct,pobj,nsubj,aux,advmod,relcl,det,dobj,prep,pobj,punct,nsubj,aux,advmod,relcl,prt,prep,det,amod,pobj,prep,pobj,cc,nsubj,aux,advmod,conj,dobj,prep,det,pobj,prep,compound,pobj,punct,cc,det,advmod,conj,npadvmod,neg,punct,oprd,punct,prep,punct,det,punct,pobj,punct,
DET,ADJ,PROPN,PROPN,VERB,DET,ADJ,PART,VERB,PROPN,PROPN,PART,NOUN,PUNCT,CCONJ,ADJ,ADJ,NOUN,VERB,ADV,PART,VERB,PUNCT,PROPN,PROPN,DET,PROPN,PUNCT,PROPN,PROPN,DET,PROPN,PUNCT,CCONJ,PROPN,PROPN,DET,ADV,PUNCT,ADV,PUNCT,ADV,PUNCT,NOUN,PUNCT,ADP,PUNCT,PROPN,PUNCT,PROPN,NOUN,VERB,ADV,VERB,DET,PROPN,ADP,PROPN,PUNCT,NOUN,VERB,ADV,VERB,PART,ADP,DET,ADJ,PROPN,ADP,PROPN,CCONJ,NOUN,VERB,ADV,ADJ,PRON,ADP,DET,PROPN,ADP,PROPN,PROPN,PUNCT,CCONJ,DET,ADV,VERB,PROPN,ADV,PUNCT,VERB,PUNCT,ADP,PUNCT,DET,PUNCT,NOUN,PUNCT,SPACE
 
Together,they,formed,a,band,whose,names,and,deeds,were,to,be,retold,throughout,the,centuries,",",the,Knights,of,the,Round,Table,.,"
"
advmod,nsubj,ROOT,det,dobj,poss,nsubj,cc,conj,relcl,aux,auxpass,xcomp,prep,det,pobj,punct,det,appos,prep,det,compound,pobj,punct,
ADV,PRON,VERB,DET,NOUN,ADJ,NOUN,CCONJ,NOUN,VERB,PART,VERB,ADJ,ADP,DET,NOUN,PUNCT,DET,PROPN,ADP,DET,PROPN,PROPN,PUNCT,SPACE
 
And,that,",",my,liege,",",is,how,we,know,the,Earth,to,be,banana,-,shaped,.,"
"
cc,mark,punct,poss,nsubj,punct,ROOT,advmod,nsubj,ccomp,det,nsubj,aux,ccomp,npadvmod,punct,acomp,punct,
CCONJ,DET,PUNCT,ADJ,NOUN,PUNCT,VERB,ADV,PRON,VERB,DET,PROPN,PART,VERB,NOUN,PUNCT,VERB,PUNCT,SPACE
 
This,new,learning,amazes,me,",",Sir,Bedemir,.,"
"
det,amod,nsubj,ROOT,dobj,punct,compound,npadvmod,punct,
DET,ADJ,NOUN,VERB,PRON,PUNCT,PROPN,PROPN,PUNCT,SPACE
 
Explain,again,how,sheeps,',bladders,may,be,employed,to,prevent,earthquakes,.,"
"
ROOT,advmod,advmod,poss,case,nsubjpass,aux,auxpass,ccomp,aux,advcl,dobj,punct,
VERB,ADV,ADV,NOUN,PART,NOUN,VERB,VERB,VERB,PART,VERB,NOUN,PUNCT,SPACE
 
Oh,",",certainly,",",sir,.,"
"
intj,punct,advmod,punct,ROOT,punct,
INTJ,PUNCT,ADV,PUNCT,NOUN,PUNCT,SPACE
 
Look,",",my,liege,!,"
"
ROOT,punct,poss,npadvmod,punct,
VERB,PUNCT,ADJ,NOUN,PUNCT,SPACE
 
Camelot,!,"
"
ROOT,punct,
NOUN,PUNCT,SPACE
 
It,'s,only,a,model,.,"
"
nsubj,ROOT,advmod,det,attr,punct,
PRON,VERB,ADV,DET,NOUN,PUNCT,SPACE
 
Shhh,!,"
"
ROOT,punct,
ADJ,PUNCT,SPACE
 
Knights,",",I,bid,you,welcome,to,your,new,home,.,"
"
npadvmod,punct,nsubj,ROOT,dobj,advmod,prep,poss,amod,pobj,punct,
NOUN,PUNCT,PRON,VERB,PRON,VERB,ADP,ADJ,ADJ,NOUN,PUNCT,SPACE
 
Let,us,ride,...,"
"
ROOT,nsubj,ccomp,punct,
VERB,PRON,VERB,PUNCT,SPACE
 
to,Camelot,.,"
"
ROOT,pobj,punct,
ADP,PROPN,PUNCT,SPACE
 
We,'re,knights,of,the,round,table,"
"
nsubj,ROOT,attr,prep,det,amod,pobj,
PRON,VERB,NOUN,ADP,DET,ADJ,NOUN,SPACE
 
We,dance,when,e'er,we,'re,able,"
"
nsubj,ROOT,advmod,npadvmod,nsubj,advcl,acomp,
PRON,VERB,ADV,VERB,PRON,VERB,ADJ,SPACE
 
We,do,routines,and,parlour,scenes,"
"
nsubj,ROOT,dobj,cc,conj,conj,
PRON,VERB,NOUN,CCONJ,ADJ,NOUN,SPACE
 
With,footwork,impecc,-,Able,.,"
"
mark,nsubj,amod,punct,ROOT,punct,
ADP,NOUN,NOUN,PUNCT,ADJ,PUNCT,SPACE
 
We,dine,well,here,in,Camelot,"
"
nsubj,ROOT,advmod,advmod,prep,pobj,
PRON,VERB,ADV,ADV,ADP,PROPN,SPACE
 
We,eat,ham,and,jam,and,spam,a,lot,"
"
nsubj,ROOT,dobj,cc,conj,cc,conj,det,dobj,
PRON,VERB,NOUN,CCONJ,NOUN,CCONJ,NOUN,DET,NOUN,SPACE
 
We,'re,knights,of,the,Round,Table,"
"
nsubj,ROOT,attr,prep,det,compound,pobj,
PRON,VERB,NOUN,ADP,DET,PROPN,PROPN,SPACE
 
Our,shows,are,for,-,mid,-,able,"
"
poss,nsubj,ROOT,prep,punct,punct,punct,pobj,
ADJ,NOUN,VERB,ADP,PUNCT,ADJ,PUNCT,ADJ,SPACE
 
Though,many,times,we,'re,given,rhymes,"
"
mark,amod,npadvmod,nsubjpass,auxpass,ROOT,dobj,
ADP,ADJ,NOUN,PRON,VERB,VERB,NOUN,SPACE
 
That,are,quite,unsing,-,able,"
"
nsubj,ROOT,advmod,npadvmod,punct,acomp,
DET,VERB,ADV,ADJ,PUNCT,ADJ,SPACE
 
We,not,so,fat,in,Camelot,"
"
nsubj,neg,advmod,ROOT,prep,pobj,
PRON,ADV,ADV,ADJ,ADP,PROPN,SPACE
 
We,sing,from,the,diaphragm,a,lot,"
"
nsubj,ROOT,prep,det,pobj,det,npadvmod,
PRON,VERB,ADP,DET,NOUN,DET,NOUN,SPACE
 
Oh,we,'re,tough,and,able,"
"
intj,nsubj,ROOT,acomp,cc,conj,
INTJ,PRON,VERB,ADJ,CCONJ,ADJ,SPACE
 
Quite,indefatigable,"
"
advmod,ROOT,
ADJ,ADJ,SPACE
 
Between,our,quests,we,sequin,vests,"
"
prep,poss,pobj,nsubj,ROOT,dobj,
ADP,ADJ,NOUN,PRON,VERB,NOUN,SPACE
 
And,impersonate,Clark,Gable,"
"
cc,ROOT,compound,nsubj,
CCONJ,VERB,PROPN,PROPN,SPACE
 
It,'s,a,bit,too,loud,in,Camelot,"
"
nsubj,ROOT,det,npadvmod,advmod,acomp,prep,pobj,
PRON,VERB,DET,NOUN,ADV,ADJ,ADP,PROPN,SPACE
 
I,have,to,push,the,pram,a,lot,.,"
"
nsubj,ROOT,aux,xcomp,det,dobj,det,npadvmod,punct,
PRON,VERB,PART,VERB,DET,NOUN,DET,NOUN,PUNCT,SPACE
 
Well,",",on,second,thought,",",let,'s,not,go,to,Camelot,--,it,is,a,silly,place,.,"
"
intj,punct,prep,amod,pobj,punct,ccomp,nsubj,neg,ccomp,prep,pobj,punct,nsubj,ROOT,det,amod,attr,punct,
INTJ,PUNCT,ADP,ADJ,NOUN,PUNCT,VERB,PRON,ADV,VERB,ADP,NOUN,PUNCT,PRON,VERB,DET,ADJ,NOUN,PUNCT,SPACE
 
Right,.,"
"
ROOT,punct,
INTJ,PUNCT,SPACE
 
Arthur,!,"
"
ROOT,punct,
PROPN,PUNCT,SPACE
 
Arthur,",",King,of,the,Britons,!,"
"
ROOT,punct,appos,prep,det,pobj,punct,
PROPN,PUNCT,PROPN,ADP,DET,PROPN,PUNCT,SPACE
 
Oh,",",do,n't,grovel,!,"
"
intj,punct,aux,neg,ROOT,punct,
INTJ,PUNCT,VERB,ADV,VERB,PUNCT,SPACE
 
If,there,'s,one,thing,I,ca,n't,stand,",",it,'s,people,groveling,.,"
"
mark,expl,advcl,nummod,attr,nsubj,aux,neg,relcl,punct,nsubj,ROOT,nsubj,ccomp,punct,
ADP,ADV,VERB,NUM,NOUN,PRON,VERB,ADV,VERB,PUNCT,PRON,VERB,NOUN,VERB,PUNCT,SPACE
 
Sorry,--,"
"
ROOT,punct,
INTJ,PUNCT,SPACE
 
And,do,n't,apologize,.,"
"
cc,aux,neg,ROOT,punct,
CCONJ,VERB,ADV,VERB,PUNCT,SPACE
 
Every,time,I,try,to,talk,to,someone,it,'s,"""",sorry,this,"""",and,"""",forgive,me,that,"""",and,"""",I,'m,not,worthy,"""",.,"
"
det,nsubj,nsubj,relcl,aux,xcomp,prep,pobj,nsubj,relcl,punct,acomp,dobj,punct,cc,punct,ROOT,dobj,mark,punct,cc,punct,nsubj,ccomp,neg,acomp,punct,punct,
DET,NOUN,PRON,VERB,PART,VERB,ADP,NOUN,PRON,VERB,PUNCT,ADJ,DET,PUNCT,CCONJ,PUNCT,VERB,PRON,ADP,PUNCT,CCONJ,PUNCT,PRON,VERB,ADV,ADJ,PUNCT,PUNCT,SPACE
 
What,are,you,doing,now,!,?,"
"
dobj,aux,nsubj,ROOT,advmod,punct,punct,
NOUN,VERB,PRON,VERB,ADV,PUNCT,PUNCT,SPACE
 
I,'m,averting,my,eyes,",",oh,Lord,.,"
"
nsubj,aux,ROOT,poss,dobj,punct,intj,appos,punct,
PRON,VERB,VERB,ADJ,NOUN,PUNCT,INTJ,PROPN,PUNCT,SPACE
 
Well,",",do,n't,.,"
"
intj,punct,ROOT,neg,punct,
INTJ,PUNCT,VERB,ADV,PUNCT,SPACE
 
It,'s,like,those,miserable,Psalms,--,they,'re,so,depressing,.,"
"
nsubj,ccomp,prep,det,amod,pobj,punct,nsubj,ROOT,advmod,acomp,punct,
PRON,VERB,ADP,DET,ADJ,NOUN,PUNCT,PRON,VERB,ADV,ADJ,PUNCT,SPACE
 
Now,knock,it,off,!,"
"
advmod,ROOT,dobj,prt,punct,
ADV,VERB,PRON,PART,PUNCT,SPACE
 
Yes,",",Lord,.,"
"
ROOT,punct,npadvmod,punct,
INTJ,PUNCT,PROPN,PUNCT,SPACE
 
Right,!,"
"
ROOT,punct,
INTJ,PUNCT,SPACE
 
Arthur,",",King,of,the,Britons,--,your,Knights,of,the,Round,Table,shall,have,a,task,to,make,them,an,example,in,these,dark,times,.,"
"
nsubj,punct,appos,prep,det,pobj,punct,poss,appos,prep,det,compound,pobj,aux,ROOT,det,dobj,aux,relcl,nsubj,det,ccomp,prep,det,amod,pobj,punct,
PROPN,PUNCT,PROPN,ADP,DET,PROPN,PUNCT,ADJ,PROPN,ADP,DET,PROPN,PROPN,VERB,VERB,DET,NOUN,PART,VERB,PRON,DET,NOUN,ADP,DET,ADJ,NOUN,PUNCT,SPACE
 
Good,idea,",",oh,Lord,!,"
"
amod,ROOT,punct,intj,npadvmod,punct,
ADJ,NOUN,PUNCT,INTJ,PROPN,PUNCT,SPACE
 
',Course,it,'s,a,good,idea,!,"
"
punct,advmod,nsubj,ROOT,det,amod,attr,punct,
PUNCT,ADV,PRON,VERB,DET,ADJ,NOUN,PUNCT,SPACE
 
Behold,!,"
"
ROOT,punct,
ADJ,PUNCT,SPACE
 
Arthur,",",this,is,the,Holy,Grail,.,"
"
npadvmod,punct,nsubj,ROOT,det,compound,attr,punct,
PROPN,PUNCT,DET,VERB,DET,PROPN,PROPN,PUNCT,SPACE
 
Look,well,",",Arthur,",",for,it,is,your,sacred,task,to,seek,this,Grail,.,"
"
advcl,advmod,punct,npadvmod,punct,prep,pobj,ROOT,poss,amod,attr,aux,xcomp,det,dobj,punct,
VERB,ADV,PUNCT,PROPN,PUNCT,ADP,PRON,VERB,ADJ,ADJ,NOUN,PART,VERB,DET,PROPN,PUNCT,SPACE
 
That,is,your,purpose,",",Arthur,--,the,Quest,for,the,Holy,Grail,.,"
"
nsubj,ROOT,poss,attr,punct,npadvmod,punct,det,appos,prep,det,compound,pobj,punct,
DET,VERB,ADJ,NOUN,PUNCT,PROPN,PUNCT,DET,PROPN,ADP,DET,PROPN,PROPN,PUNCT,SPACE
 
A,blessing,!,"
"
det,ROOT,punct,
DET,NOUN,PUNCT,SPACE
 
A,blessing,from,the,Lord,!,"
"
det,ROOT,prep,det,pobj,punct,
DET,NOUN,ADP,DET,PROPN,PUNCT,SPACE
 
God,be,praised,!,"
"
nsubjpass,auxpass,ROOT,punct,
PROPN,VERB,VERB,PUNCT,SPACE
 
Halt,!,"
"
ROOT,punct,
PROPN,PUNCT,SPACE
 
Hallo,!,"
"
ROOT,punct,
PROPN,PUNCT,SPACE
 
',Allo,!,"
"
punct,ROOT,punct,
PUNCT,INTJ,PUNCT,SPACE
 
Who,is,zis,?,"
"
attr,ROOT,attr,punct,
NOUN,VERB,NOUN,PUNCT,SPACE
 
It,is,King,Arthur,",",and,these,are,the,Knights,of,the,Round,Table,.,"
"
nsubj,ROOT,compound,attr,punct,cc,nsubj,conj,det,attr,prep,det,compound,pobj,punct,
PRON,VERB,PROPN,PROPN,PUNCT,CCONJ,DET,VERB,DET,PROPN,ADP,DET,PROPN,PROPN,PUNCT,SPACE
 
Who,'s,castle,is,this,?,"
"
nsubj,csubj,attr,ROOT,nsubj,punct,
NOUN,VERB,ADJ,VERB,DET,PUNCT,SPACE
 
This,is,the,castle,of,Our,Master,Ruiz,',de,lu,la,Ramper,(,sp,?,),"
"
nsubj,ROOT,det,attr,prep,poss,compound,poss,case,nmod,compound,compound,pobj,punct,attr,punct,punct,
DET,VERB,DET,NOUN,ADP,ADJ,PROPN,PROPN,PUNCT,X,X,PROPN,PROPN,PUNCT,X,PUNCT,PUNCT,SPACE
 
Go,and,tell,your,master,that,we,have,been,charged,by,God,with,a,sacred,quest,.,"
"
ROOT,cc,conj,poss,dobj,mark,nsubjpass,aux,auxpass,ccomp,agent,pobj,prep,det,amod,pobj,punct,
VERB,CCONJ,VERB,ADJ,NOUN,ADP,PRON,VERB,VERB,VERB,ADP,PROPN,ADP,DET,ADJ,NOUN,PUNCT,SPACE
 
If,he,will,give,us,food,and,shelter,for,the,night,he,can,join,us,in,our,quest,for,the,Holy,Grail,.,"
"
mark,nsubj,aux,ROOT,dative,dobj,cc,conj,prep,det,pobj,nsubj,aux,relcl,dobj,prep,poss,pobj,prep,det,compound,pobj,punct,
ADP,PRON,VERB,VERB,PRON,NOUN,CCONJ,NOUN,ADP,DET,NOUN,PRON,VERB,VERB,PRON,ADP,ADJ,NOUN,ADP,DET,PROPN,PROPN,PUNCT,SPACE
 
Well,",",I,'ll,ask,him,",",but,I,do,n't,think,he,'ll,be,very,keen,...,"
"
intj,punct,nsubj,aux,ROOT,dobj,punct,cc,nsubj,aux,neg,conj,nsubj,aux,ccomp,advmod,acomp,punct,
INTJ,PUNCT,PRON,VERB,VERB,PRON,PUNCT,CCONJ,PRON,VERB,ADV,VERB,PRON,VERB,VERB,ADV,ADJ,PUNCT,SPACE
 
Uh,",",he,'s,already,got,one,",",you,see,?,"
"
intj,punct,nsubjpass,auxpass,advmod,ccomp,dobj,punct,nsubj,ROOT,punct,
INTJ,PUNCT,PRON,VERB,ADV,VERB,NUM,PUNCT,PRON,VERB,PUNCT,SPACE
 
What,?,"
"
ROOT,punct,
NOUN,PUNCT,SPACE
 
He,says,they,',ve,already,got,one,!,"
"
nsubj,ROOT,nsubj,punct,aux,advmod,ccomp,dobj,punct,
PRON,VERB,PRON,PUNCT,VERB,ADV,VERB,NUM,PUNCT,SPACE
 
Are,you,sure,he,'s,got,one,?,"
"
ROOT,nsubj,acomp,nsubjpass,auxpass,ccomp,dobj,punct,
VERB,PRON,ADJ,PRON,VERB,VERB,NUM,PUNCT,SPACE
 
Oh,",",yes,",",it,'s,very,nice,-,a,I,told,him,we,already,got,one,.,"
"
intj,punct,intj,punct,nsubj,ccomp,advmod,acomp,punct,intj,nsubj,ROOT,dobj,nsubj,advmod,ccomp,dobj,punct,
INTJ,PUNCT,INTJ,PUNCT,PRON,VERB,ADV,ADJ,PUNCT,DET,PRON,VERB,PRON,PRON,ADV,VERB,NUM,PUNCT,SPACE
 
Well,",",um,",",can,we,come,up,and,have,a,look,?,"
"
intj,punct,intj,punct,aux,nsubj,ROOT,prt,cc,conj,det,dobj,punct,
INTJ,PUNCT,INTJ,PUNCT,VERB,PRON,VERB,PART,CCONJ,VERB,DET,NOUN,PUNCT,SPACE
 
Of,course,not,!,"
"
advmod,advmod,ROOT,punct,
ADV,ADV,ADV,PUNCT,SPACE
 
You,are,English,types,-,a,!,"
"
nsubj,ROOT,amod,attr,punct,appos,punct,
PRON,VERB,ADJ,NOUN,PUNCT,DET,PUNCT,SPACE
 
Well,",",what,are,you,then,?,"
"
intj,punct,attr,ROOT,nsubj,advmod,punct,
INTJ,PUNCT,NOUN,VERB,PRON,ADV,PUNCT,SPACE
 
I,'m,French,!,"
"
nsubj,ROOT,acomp,punct,
PRON,VERB,ADJ,PUNCT,SPACE
 
Why,do,think,I,have,this,outrageous,accent,",",you,silly,king,!,"
"
advmod,aux,ROOT,nsubj,ccomp,det,amod,dobj,punct,nsubj,amod,appos,punct,
ADV,VERB,VERB,PRON,VERB,DET,ADJ,NOUN,PUNCT,PRON,ADJ,NOUN,PUNCT,SPACE
 
What,are,you,doing,in,England,?,"
"
dobj,aux,nsubj,ROOT,prep,pobj,punct,
NOUN,VERB,PRON,VERB,ADP,PROPN,PUNCT,SPACE
 
Mind,your,own,business,!,"
"
ROOT,poss,amod,dobj,punct,
VERB,ADJ,ADJ,NOUN,PUNCT,SPACE
 
If,you,will,not,show,us,the,Grail,",",we,shall,take,your,castle,by,force,!,"
"
mark,nsubj,aux,neg,advcl,dative,det,dobj,punct,nsubj,aux,ROOT,poss,dobj,prep,pobj,punct,
ADP,PRON,VERB,ADV,VERB,PRON,DET,PROPN,PUNCT,PRON,VERB,VERB,ADJ,NOUN,ADP,NOUN,PUNCT,SPACE
 
You,do,n't,frighten,us,",",English,pig,-,dogs,!,"
"
nsubj,aux,neg,ROOT,dobj,punct,amod,compound,punct,oprd,punct,
PRON,VERB,ADV,VERB,PRON,PUNCT,ADJ,NOUN,PUNCT,NOUN,PUNCT,SPACE
 
Go,and,boil,your,bottoms,",",sons,of,a,silly,person,.,"
"
ROOT,cc,conj,poss,dobj,punct,appos,prep,det,amod,pobj,punct,
VERB,CCONJ,VERB,ADJ,NOUN,PUNCT,NOUN,ADP,DET,ADJ,NOUN,PUNCT,SPACE
 
I,blow,my,nose,at,you,",",so,-,called,Arthur,-,king,",",you,and,all,your,silly,English,kaniggets,.,"
"
nsubj,ROOT,poss,dobj,prep,pobj,punct,advmod,punct,amod,compound,punct,dobj,punct,appos,cc,predet,poss,amod,amod,conj,punct,
PRON,VERB,ADJ,NOUN,ADP,PRON,PUNCT,ADV,PUNCT,VERB,PROPN,PUNCT,NOUN,PUNCT,PRON,CCONJ,ADJ,ADJ,ADJ,ADJ,NOUN,PUNCT,SPACE
 
Thppppt,!,"
"
ROOT,punct,
ADJ,PUNCT,SPACE
 
What,a,strange,person,.,"
"
det,det,amod,ROOT,punct,
ADJ,DET,ADJ,NOUN,PUNCT,SPACE
 
Now,look,here,",",my,good,man,!,"
"
advmod,ROOT,advmod,punct,poss,amod,npadvmod,punct,
ADV,VERB,ADV,PUNCT,ADJ,ADJ,NOUN,PUNCT,SPACE
 
I,do,n't,want,to,talk,to,you,no,more,",",you,empty,headed,animal,food,trough,whopper,!,"
"
nsubj,aux,neg,ccomp,aux,xcomp,prep,pobj,neg,advmod,punct,nsubj,ROOT,amod,compound,compound,compound,dobj,punct,
PRON,VERB,ADV,VERB,PART,VERB,ADP,PRON,ADV,ADJ,PUNCT,PRON,ADJ,VERB,NOUN,NOUN,NOUN,NOUN,PUNCT,SPACE
 
I,fart,in,your,general,direction,!,"
"
nsubj,ROOT,prep,poss,amod,pobj,punct,
PRON,VERB,ADP,ADJ,ADJ,NOUN,PUNCT,SPACE
 
You,mother,was,a,hamster,and,your,father,smelt,of,eldeberries,.,"
"
nmod,nsubj,ROOT,det,attr,cc,poss,nsubj,conj,prep,pobj,punct,
PRON,NOUN,VERB,DET,NOUN,CCONJ,ADJ,NOUN,NOUN,ADP,NOUN,PUNCT,SPACE
 
Is,there,someone,else,up,there,we,could,talk,to,?,"
"
ROOT,expl,attr,advmod,advmod,advmod,nsubj,aux,ccomp,prep,punct,
VERB,ADV,NOUN,ADV,ADV,ADV,PRON,VERB,VERB,ADP,PUNCT,SPACE
 
No,",",now,go,away,or,I,shall,taunt,you,a,second,time,-,a,!,"
"
intj,punct,advmod,ROOT,advmod,cc,nsubj,aux,conj,dobj,det,amod,npadvmod,punct,appos,punct,
INTJ,PUNCT,ADV,VERB,ADV,CCONJ,PRON,VERB,VERB,PRON,DET,ADJ,NOUN,PUNCT,NOUN,PUNCT,SPACE
 
Now,",",this,is,your,last,chance,.,"
"
advmod,punct,nsubj,ROOT,poss,amod,attr,punct,
ADV,PUNCT,DET,VERB,ADJ,ADJ,NOUN,PUNCT,SPACE
 
I,'ve,been,more,than,reasonable,.,"
"
nsubj,aux,ROOT,acomp,prep,amod,punct,
PRON,VERB,VERB,ADJ,ADP,ADJ,PUNCT,SPACE
 
(,Fetchez,la,vache,.,),wha,?,"
"
punct,compound,compound,ROOT,punct,punct,ROOT,punct,
PUNCT,PROPN,ADJ,NOUN,PUNCT,PUNCT,INTJ,PUNCT,SPACE
 
(,Fetchez,la,vache,!,),"
"
punct,compound,compound,ROOT,punct,punct,
PUNCT,PROPN,ADJ,NOUN,PUNCT,PUNCT,SPACE
 
If,you,do,not,agree,to,my,commands,",",then,I,shall,--,"
"
mark,nsubj,aux,neg,advcl,prep,poss,pobj,punct,advmod,nsubj,ROOT,punct,
ADP,PRON,VERB,ADV,VERB,ADP,ADJ,NOUN,PUNCT,ADV,PRON,VERB,PUNCT,SPACE
 
Jesus,Christ,!,"
"
compound,ROOT,punct,
PROPN,PROPN,PUNCT,SPACE
 
Right,!,"
"
ROOT,punct,
INTJ,PUNCT,SPACE
 
Charge,!,"
"
ROOT,punct,
PROPN,PUNCT,SPACE
 
Ah,",",this,one,is,for,your,mother,!,"
"
intj,punct,det,nsubj,ROOT,prep,poss,pobj,punct,
INTJ,PUNCT,DET,NOUN,VERB,ADP,ADJ,NOUN,PUNCT,SPACE
 
Run,away,!,"
"
ROOT,advmod,punct,
VERB,ADV,PUNCT,SPACE
 
Thpppt,!,"
"
ROOT,punct,
INTJ,PUNCT,SPACE
 
Fiends,!,"
"
ROOT,punct,
NOUN,PUNCT,SPACE
 
I,'ll,tear,them,apart,!,"
"
nsubj,aux,ROOT,dobj,advmod,punct,
PRON,VERB,VERB,PRON,ADV,PUNCT,SPACE
 
No,no,",",no,.,"
"
intj,intj,punct,ROOT,punct,
INTJ,INTJ,PUNCT,INTJ,PUNCT,SPACE
 
Sir,!,"
"
ROOT,punct,
PROPN,PUNCT,SPACE
 
I,have,a,plan,",",sir,.,"
"
nsubj,ROOT,det,dobj,punct,npadvmod,punct,
PRON,VERB,DET,NOUN,PUNCT,NOUN,PUNCT,SPACE
 
ce,labon,a,bunny,do,wha,?,"
"
amod,nsubj,det,nsubj,aux,ROOT,punct,
X,NOUN,DET,NOUN,VERB,VERB,PUNCT,SPACE
 
un,cadeau,?,"
"
compound,ROOT,punct,
ADP,NOUN,PUNCT,SPACE
 
a,present,!,"
"
det,ROOT,punct,
DET,NOUN,PUNCT,SPACE
 
oh,",",un,cadeau,.,"
"
intj,punct,compound,ROOT,punct,
INTJ,PUNCT,ADP,NOUN,PUNCT,SPACE
 
oui,oui,hurry,!,"
"
compound,nsubj,ROOT,punct,
X,NOUN,NOUN,PUNCT,SPACE
 
wha,-,?,"
"
ROOT,punct,punct,
ADV,PUNCT,PUNCT,SPACE
 
let,'s,go,!,"
"
ROOT,nsubj,ccomp,punct,
VERB,PRON,VERB,PUNCT,SPACE
 
What,happens,now,?,"
"
nsubj,ROOT,advmod,punct,
NOUN,VERB,ADV,PUNCT,SPACE
 
Well,",",now,",",uh,",",Launcelot,",",Galahad,",",and,I,wait,until,nightfall,",",and,then,leap,out,of,the,rabbit,",",taking,the,French,by,surprise,--,not,only,by,surprise,",",but,totally,unarmed,!,"
"
intj,punct,advmod,punct,intj,punct,nmod,punct,ROOT,punct,cc,nsubj,conj,prep,pobj,punct,cc,advmod,conj,prep,prep,det,pobj,punct,advcl,det,dobj,prep,pobj,punct,preconj,advmod,prep,pobj,punct,cc,advmod,conj,punct,
INTJ,PUNCT,ADV,PUNCT,INTJ,PUNCT,PROPN,PUNCT,PROPN,PUNCT,CCONJ,PRON,VERB,ADP,ADJ,PUNCT,CCONJ,ADV,VERB,ADP,ADP,DET,NOUN,PUNCT,VERB,DET,PROPN,ADP,NOUN,PUNCT,ADV,ADV,ADP,NOUN,PUNCT,CCONJ,ADV,ADJ,PUNCT,SPACE
 
Who,leaps,out,?,"
"
nsubj,ROOT,prt,punct,
NOUN,VERB,PART,PUNCT,SPACE
 
Uh,",",Launcelot,",",Galahad,",",and,I,.,"
"
intj,punct,nmod,punct,ROOT,punct,cc,conj,punct,
INTJ,PUNCT,PROPN,PUNCT,PROPN,PUNCT,CCONJ,PRON,PUNCT,SPACE
 
Uh,",",leap,out,of,the,rabbit,",",uh,and,uh,...,.,"
"
intj,punct,ROOT,prep,prep,det,pobj,punct,intj,cc,intj,punct,punct,
INTJ,PUNCT,VERB,ADP,ADP,DET,NOUN,PUNCT,INTJ,CCONJ,INTJ,PUNCT,PUNCT,SPACE
 
Oh,...,.,"
"
ROOT,punct,punct,
INTJ,PUNCT,PUNCT,SPACE
 
Um,",",l,-,look,",",if,we,built,this,large,wooden,badger,--,"
"
intj,punct,compound,punct,ROOT,punct,mark,nsubj,intj,det,amod,amod,dobj,punct,
INTJ,PUNCT,NOUN,PUNCT,NOUN,PUNCT,ADP,PRON,VERB,DET,ADJ,ADJ,NOUN,PUNCT,SPACE
 
Run,away,!,"
"
ROOT,advmod,punct,
VERB,ADV,PUNCT,SPACE
 
Oh,",",haw,haw,haw,.,"
"
intj,punct,compound,compound,ROOT,punct,
INTJ,PUNCT,VERB,NOUN,NOUN,PUNCT,SPACE
 
Pictures,for,Schools,",",take,8,.,"
"
nsubj,prep,pobj,punct,ROOT,dobj,punct,
NOUN,ADP,PROPN,PUNCT,VERB,NUM,PUNCT,SPACE
 
Action,!,"
"
ROOT,punct,
NOUN,PUNCT,SPACE
 
Defeat,at,the,castle,seems,to,have,utterly,disheartened,King,Arthur,.,"
"
nsubj,prep,det,pobj,ROOT,aux,aux,advmod,xcomp,compound,dobj,punct,
NOUN,ADP,DET,NOUN,VERB,PART,VERB,ADV,VERB,PROPN,PROPN,PUNCT,SPACE
 
The,ferocity,of,the,French,taunting,took,him,completely,by,surprise,",",and,Arthur,became,convinced,that,a,new,strategy,was,required,if,the,quest,for,the,Holy,Grail,were,to,be,brought,to,a,successful,conclusion,.,"
"
det,nsubj,prep,det,amod,pobj,ROOT,dobj,advmod,prep,pobj,punct,cc,nsubj,conj,acomp,mark,det,amod,nsubjpass,auxpass,ccomp,mark,det,nsubj,prep,det,compound,pobj,advcl,aux,auxpass,xcomp,prep,det,amod,pobj,punct,
DET,NOUN,ADP,DET,ADJ,NOUN,VERB,PRON,ADV,ADP,NOUN,PUNCT,CCONJ,PROPN,VERB,ADJ,ADP,DET,ADJ,NOUN,VERB,VERB,ADP,DET,NOUN,ADP,DET,PROPN,PROPN,VERB,PART,VERB,VERB,ADP,DET,ADJ,NOUN,PUNCT,SPACE
 
Arthur,",",having,consulted,his,closest,knights,",",decided,that,they,should,separate,",",and,search,for,the,Grail,individually,.,"
"
nsubj,punct,aux,advcl,poss,amod,dobj,punct,ROOT,mark,nsubj,aux,ccomp,punct,cc,conj,prep,det,pobj,advmod,punct,
PROPN,PUNCT,VERB,VERB,ADJ,ADJ,NOUN,PUNCT,VERB,ADP,PRON,VERB,VERB,PUNCT,CCONJ,VERB,ADP,DET,PROPN,ADV,PUNCT,SPACE
 
Now,",",this,is,what,they,did,--,"
"
advmod,punct,nsubj,ROOT,dobj,nsubj,ccomp,punct,
ADV,PUNCT,DET,VERB,NOUN,PRON,VERB,PUNCT,SPACE
 
Greg,!,"
"
ROOT,punct,
PROPN,PUNCT,SPACE
 
The,Tale,of,Sir,Robin,...,.,"
"
det,ROOT,prep,compound,pobj,punct,punct,
DET,PROPN,ADP,PROPN,PROPN,PUNCT,PUNCT,SPACE
 
So,each,of,the,knights,went,their,separate,ways,.,"
"
advmod,nsubj,prep,det,pobj,ROOT,poss,amod,dobj,punct,
ADV,DET,ADP,DET,NOUN,VERB,ADJ,ADJ,NOUN,PUNCT,SPACE
 
Sir,Robin,rode,north,",",through,the,dark,forest,of,Ewing,",",accompanied,by,his,favorite,minstrels,.,"
"
compound,nsubj,ROOT,advmod,punct,prep,det,amod,pobj,prep,pobj,punct,advcl,agent,poss,amod,pobj,punct,
PROPN,PROPN,VERB,ADV,PUNCT,ADP,DET,ADJ,NOUN,ADP,PROPN,PUNCT,VERB,ADP,ADJ,ADJ,NOUN,PUNCT,SPACE
 
Bravely,bold,Sir,Robin,",",rode,forth,from,Camelot,.,"
"
advmod,advcl,compound,dobj,punct,ROOT,advmod,prep,pobj,punct,
ADV,ADJ,PROPN,PROPN,PUNCT,VERB,ADV,ADP,PROPN,PUNCT,SPACE
 
He,was,not,afraid,to,die,",",o,Brave,Sir,Robin,.,"
"
nsubj,ROOT,neg,acomp,aux,xcomp,punct,intj,compound,compound,ROOT,punct,
PRON,VERB,ADV,ADJ,PART,VERB,PUNCT,X,PROPN,PROPN,PROPN,PUNCT,SPACE
 
He,was,not,at,all,afraid,to,be,killed,in,nasty,ways,.,"
"
nsubj,ROOT,neg,advmod,advmod,acomp,aux,auxpass,xcomp,prep,amod,pobj,punct,
PRON,VERB,ADV,ADV,ADV,ADJ,PART,VERB,VERB,ADP,ADJ,NOUN,PUNCT,SPACE
 
Brave,",",brave,",",brave,",",brave,Sir,Robin,!,"
"
ROOT,punct,conj,punct,conj,punct,conj,compound,dobj,punct,
ADJ,PUNCT,ADJ,PUNCT,ADJ,PUNCT,ADJ,PROPN,PROPN,PUNCT,SPACE
 
He,was,not,in,the,least,bit,scared,to,be,mashed,into,a,pulp,",",Or,to,have,his,eyes,gouged,out,",",and,his,elbows,broken,.,"
"
nsubj,ROOT,neg,prep,det,amod,pobj,amod,aux,auxpass,xcomp,prep,det,pobj,punct,cc,aux,conj,poss,nsubj,ccomp,prt,punct,cc,poss,nsubj,conj,punct,
PRON,VERB,ADV,ADP,DET,ADJ,NOUN,ADJ,PART,VERB,VERB,ADP,DET,NOUN,PUNCT,CCONJ,PART,VERB,ADJ,NOUN,VERB,PART,PUNCT,CCONJ,ADJ,NOUN,VERB,PUNCT,SPACE
 
To,have,his,kneecaps,split,",",and,his,body,burned,away,",",And,his,limbs,all,hacked,and,mangled,",",brave,Sir,Robin,!,"
"
aux,ROOT,poss,nsubj,ccomp,punct,cc,poss,nsubj,conj,advmod,punct,cc,poss,nsubj,appos,conj,cc,conj,punct,conj,compound,dobj,punct,
PART,VERB,ADJ,NOUN,VERB,PUNCT,CCONJ,ADJ,NOUN,VERB,ADV,PUNCT,CCONJ,ADJ,NOUN,DET,VERB,CCONJ,VERB,PUNCT,ADJ,PROPN,PROPN,PUNCT,SPACE
 
His,head,smashed,in,and,his,heart,cut,out,",",And,his,liver,removed,and,his,bowels,unplugged,",",And,his,nostrils,ripped,and,his,bottom,burned,off,",",And,his,penis,--,"
"
poss,nsubj,ROOT,prt,cc,poss,nsubj,conj,prt,punct,cc,poss,nsubj,conj,cc,poss,nsubj,conj,punct,cc,poss,nsubj,conj,cc,poss,nsubj,conj,prt,punct,cc,poss,conj,punct,
ADJ,NOUN,VERB,ADV,CCONJ,ADJ,NOUN,VERB,PART,PUNCT,CCONJ,ADJ,NOUN,VERB,CCONJ,ADJ,NOUN,ADJ,PUNCT,CCONJ,ADJ,NOUN,VERB,CCONJ,ADJ,NOUN,VERB,PART,PUNCT,CCONJ,ADJ,NOUN,PUNCT,SPACE
 
That,'s,--,that,'s,",",uh,",",that,'s,enough,music,for,now,",",lads,.,"
"
nsubj,ROOT,punct,nsubj,parataxis,punct,intj,punct,nsubj,ccomp,amod,attr,prep,pcomp,punct,attr,punct,
DET,VERB,PUNCT,DET,VERB,PUNCT,INTJ,PUNCT,DET,VERB,ADJ,NOUN,ADP,ADV,PUNCT,NOUN,PUNCT,SPACE
 
Looks,like,there,'s,dirty,work,afoot,.,"
"
ROOT,mark,expl,advcl,amod,compound,attr,punct,
VERB,ADP,ADV,VERB,ADJ,NOUN,NOUN,PUNCT,SPACE
 
Anarcho,-,syndicalism,is,a,way,of,preserving,freedom,.,"
"
compound,punct,nsubj,ROOT,det,attr,prep,pcomp,dobj,punct,
ADJ,PUNCT,NOUN,VERB,DET,NOUN,ADP,VERB,NOUN,PUNCT,SPACE
 
Oh,",",Dennis,",",forget,about,freedom,.,"
"
intj,punct,npadvmod,punct,ROOT,prep,pobj,punct,
INTJ,PUNCT,PROPN,PUNCT,VERB,ADP,NOUN,PUNCT,SPACE
 
Now,I,'ve,dropped,my,mud,.,"
"
advmod,nsubj,aux,ROOT,poss,dobj,punct,
ADV,PRON,VERB,VERB,ADJ,NOUN,PUNCT,SPACE
 
Halt,!,"
"
ROOT,punct,
PROPN,PUNCT,SPACE
 
Who,art,thou,?,"
"
det,compound,ROOT,punct,
NOUN,NOUN,VERB,PUNCT,SPACE
 
He,is,brave,Sir,Robin,",",brave,Sir,Robin,",",who,--,"
"
nsubj,ROOT,acomp,compound,attr,punct,amod,compound,appos,punct,conj,punct,
PRON,VERB,ADJ,PROPN,PROPN,PUNCT,ADJ,PROPN,PROPN,PUNCT,NOUN,PUNCT,SPACE
 
Shut,up,!,"
"
ROOT,prt,punct,
VERB,PART,PUNCT,SPACE
 
Um,",",n,-,n,-,nobody,really,",",I,'m,j,-,just,um,",",just,passing,through,.,"
"
intj,punct,intj,punct,compound,punct,nsubj,advmod,punct,nsubj,aux,aux,punct,advmod,intj,punct,advmod,ROOT,prt,punct,
INTJ,PUNCT,CCONJ,PUNCT,NOUN,PUNCT,NOUN,ADV,PUNCT,PRON,VERB,NOUN,PUNCT,ADV,INTJ,PUNCT,ADV,VERB,ADV,PUNCT,SPACE
 
What,do,you,want,?,"
"
dobj,aux,nsubj,ROOT,punct,
NOUN,VERB,PRON,VERB,PUNCT,SPACE
 
To,fight,",",and,--,"
"
aux,ROOT,punct,cc,punct,
PART,VERB,PUNCT,CCONJ,PUNCT,SPACE
 
Shut,up,!,"
"
ROOT,prt,punct,
VERB,PART,PUNCT,SPACE
 
Um,",",oo,",",n,-,nothing,",",nothing,really,--,I,",",uh,",",j,-,j,-,ust,to,um,",",just,to,p,-,pass,through,",",good,Sir,knight,.,"
"
ROOT,punct,intj,punct,cc,punct,conj,punct,appos,advmod,punct,appos,punct,intj,punct,meta,punct,meta,punct,appos,prep,intj,punct,advmod,prep,compound,punct,amod,prt,punct,amod,compound,pobj,punct,
INTJ,PUNCT,ADJ,PUNCT,NOUN,PUNCT,NOUN,PUNCT,NOUN,ADV,PUNCT,PRON,PUNCT,INTJ,PUNCT,NOUN,PUNCT,NOUN,PUNCT,ADJ,ADP,INTJ,PUNCT,ADV,ADP,NOUN,PUNCT,VERB,ADV,PUNCT,ADJ,PROPN,NOUN,PUNCT,SPACE
 
I,'m,afraid,not,!,"
"
nsubj,ROOT,acomp,neg,punct,
PRON,VERB,ADJ,ADV,PUNCT,SPACE
 
Ah,.,"
"
ROOT,punct,
INTJ,PUNCT,SPACE
 
W,-,well,",",actually,I,am,a,Knight,of,the,Round,Table,.,"
"
compound,punct,intj,punct,advmod,nsubj,ROOT,det,attr,prep,det,compound,pobj,punct,
NOUN,PUNCT,NOUN,PUNCT,ADV,PRON,VERB,DET,PROPN,ADP,DET,PROPN,PROPN,PUNCT,SPACE
 
You,'re,a,Knight,of,the,Round,Table,?,"
"
nsubj,ROOT,det,attr,prep,det,compound,pobj,punct,
PRON,VERB,DET,PROPN,ADP,DET,PROPN,PROPN,PUNCT,SPACE
 
I,am,.,"
"
nsubj,ROOT,punct,
PRON,VERB,PUNCT,SPACE
 
In,that,case,I,shall,have,to,kill,you,.,"
"
prep,det,pobj,nsubj,aux,ROOT,aux,xcomp,dobj,punct,
ADP,DET,NOUN,PRON,VERB,VERB,PART,VERB,PRON,PUNCT,SPACE
 
Shall,I,?,"
"
ROOT,nsubj,punct,
VERB,PRON,PUNCT,SPACE
 
Oh,",",I,do,n't,think,so,.,"
"
intj,punct,nsubj,aux,neg,ROOT,advmod,punct,
INTJ,PUNCT,PRON,VERB,ADV,VERB,ADV,PUNCT,SPACE
 
Well,",",what,do,I,think,?,"
"
intj,punct,dobj,aux,nsubj,ROOT,punct,
INTJ,PUNCT,NOUN,VERB,PRON,VERB,PUNCT,SPACE
 
I,think,kill,him,.,"
"
nsubj,ROOT,xcomp,dobj,punct,
PRON,VERB,VERB,PRON,PUNCT,SPACE
 
Well,let,'s,be,nice,to,him,.,"
"
intj,ROOT,nsubj,ccomp,acomp,prep,pobj,punct,
INTJ,VERB,PRON,VERB,ADJ,ADP,PRON,PUNCT,SPACE
 
Oh,shut,up,.,"
"
intj,ROOT,prt,punct,
INTJ,VERB,PART,PUNCT,SPACE
 
Perhaps,-,"
"
ROOT,punct,
ADV,PUNCT,SPACE
 
And,you,.,"
"
cc,ROOT,punct,
CCONJ,PRON,PUNCT,SPACE
 
Oh,quick,get,the,sword,out,I,want,to,cut,his,head,off,!,"
"
intj,amod,ROOT,det,dobj,prt,nsubj,ROOT,aux,xcomp,poss,dobj,prt,punct,
INTJ,ADV,VERB,DET,NOUN,PART,PRON,VERB,PART,VERB,ADJ,NOUN,PART,PUNCT,SPACE
 
Oh,",",cut,your,own,head,off,!,"
"
intj,punct,ROOT,poss,amod,dobj,prt,punct,
INTJ,PUNCT,VERB,ADJ,ADJ,NOUN,PART,PUNCT,SPACE
 
Yes,",",do,us,all,a,favor,!,"
"
intj,punct,ROOT,nsubj,predet,det,dobj,punct,
INTJ,PUNCT,VERB,PRON,ADJ,DET,NOUN,PUNCT,SPACE
 
What,?,"
"
ROOT,punct,
NOUN,PUNCT,SPACE
 
Yapping,on,all,the,time,.,"
"
ROOT,prep,predet,det,pobj,punct,
VERB,ADP,ADJ,DET,NOUN,PUNCT,SPACE
 
You,'re,lucky,.,"
"
nsubj,ROOT,acomp,punct,
PRON,VERB,ADJ,PUNCT,SPACE
 
You,'re,not,next,to,him,.,"
"
nsubj,ROOT,neg,acomp,prep,pobj,punct,
PRON,VERB,ADV,ADJ,ADP,PRON,PUNCT,SPACE
 
What,do,you,mean,?,"
"
dobj,aux,nsubj,ROOT,punct,
NOUN,VERB,PRON,VERB,PUNCT,SPACE
 
You,snore,.,"
"
nsubj,ROOT,punct,
PRON,VERB,PUNCT,SPACE
 
Oh,I,do,n't,--,anyway,",",you,',ve,got,bad,breath,.,"
"
intj,nsubj,ROOT,neg,punct,intj,punct,nsubj,punct,aux,ROOT,amod,dobj,punct,
INTJ,PRON,VERB,ADV,PUNCT,INTJ,PUNCT,PRON,PUNCT,VERB,VERB,ADJ,NOUN,PUNCT,SPACE
 
Well,its,only,because,you,do,n't,brush,my,teeth,.,"
"
intj,poss,advmod,mark,nsubj,aux,neg,ROOT,poss,dobj,punct,
INTJ,ADJ,ADV,ADP,PRON,VERB,ADV,VERB,ADJ,NOUN,PUNCT,SPACE
 
Oh,stop,bitching,and,let,'s,go,have,tea,.,"
"
intj,ROOT,xcomp,cc,conj,nsubj,ccomp,ccomp,dobj,punct,
INTJ,VERB,VERB,CCONJ,VERB,PRON,VERB,VERB,NOUN,PUNCT,SPACE
 
All,right,",",all,right,",",all,right,.,"
"
advmod,advmod,punct,advmod,advmod,punct,advmod,ROOT,punct,
ADV,ADV,PUNCT,ADV,ADV,PUNCT,ADV,ADJ,PUNCT,SPACE
 
We,'ll,kill,him,first,and,then,have,tea,and,biscuits,.,"
"
nsubj,aux,ROOT,dobj,advmod,cc,advmod,conj,dobj,cc,conj,punct,
PRON,VERB,VERB,PRON,ADV,CCONJ,ADV,VERB,NOUN,CCONJ,NOUN,PUNCT,SPACE
 
Yes,.,"
"
ROOT,punct,
INTJ,PUNCT,SPACE
 
Oh,",",but,not,biscuits,.,"
"
intj,punct,cc,neg,ROOT,punct,
INTJ,PUNCT,CCONJ,ADV,NOUN,PUNCT,SPACE
 
